Genus	S1	S2	S3	S4	S5	S6
Enterobacter	19107	4468	3157305	30314	28245	2585
Citrobacter	8589	767	1573728	36924	6626	931
Klebsiella	25062	5784	219260	320043	15439	4071
Raoultella	920	44	2236	410	333	72
Escherichia	19971	1116	251483	106068	5975	1589
Salmonella	2077	98441	54871	44946	9428	64667
Atlantibacter	547	32	74615	113	31	8
Pseudocitrobacter	178	15	17632	65	19	3
Leclercia	1431	81	12279	531	189	44
Kluyvera	4693	99	6964	389	136	16
Cronobacter	1455	115	4173	400	176	53
Kosakonia	1889	103	3310	579	178	70
Shigella	390	7	4121	1465	64	10
Cedecea	897	60	1784	240	99	37
Phytobacter	336	14	1334	111	577	304
Candidatus	470	27	123	93	24	8
Candidatus	22	0	7	11	1	3
Candidatus	123	8	106	44	37	7
Candidatus	92	3	28	17	10	2
Symbiopectobacterium	244	9	98	61	55	13
Candidatus	57	2	21	17	1	3
Candidatus	52	0	35	10	1	1
Candidatus	49	2	24	16	1	0
Candidatus	42	1	20	8	3	7
Candidatus	28	0	9	14	2	1
Candidatus	38	1	4	5	1	1
Candidatus	15	2	2	1	3	1
Lelliottia	560	24	1092	141	88	11
Buttiauxella	637	41	827	256	72	26
Pluralibacter	581	20	729	347	68	30
Mangrovibacter	865	15	236	76	48	4
Plesiomonas	440	18	264	158	39	10
Pseudescherichia	181	8	608	62	25	11
Jejubacter	189	13	534	109	25	12
Siccibacter	179	8	490	68	29	7
Shimwellia	270	8	274	51	23	9
Franconibacter	124	10	413	49	18	3
Trabulsiella	145	12	309	65	21	9
Superficieibacter	131	3	319	56	17	7
Yokenella	192	12	235	54	14	2
Scandinavium	172	16	251	46	12	10
Candidatus	160	12	39	55	5	8
Candidatus	54	1	11	13	6	3
Candidatus	59	1	8	8	2	2
Candidatus	43	3	14	11	2	2
Candidatus	36	2	15	17	3	1
Pseudenterobacter	0	0	1	0	0	0
Morganella	966	66	126226	17131	211	44
Providencia	2787	109	29987	1093	314	115
Proteus	1795	55	2884	563	182	63
Xenorhabdus	1335	48	427	263	113	45
Photorhabdus	611	10	201	125	43	19
Arsenophonus	562	33	167	161	37	15
Moellerella	158	10	120	67	23	2
Serratia	8462	1415	10673	10698	3239	1103
Yersinia	3078	210	6581	16686	388	152
Rahnella	948	63	418	216	139	34
Chania	674	6	181	66	14	6
Rouxiella	379	27	242	98	50	22
Gibbsiella	334	11	91	38	33	5
Nissabacter	222	19	102	112	39	10
Chimaeribacter	168	15	70	52	30	6
Ewingella	143	12	53	24	8	10
Candidatus	154	2	33	34	7	4
Pantoea	5715	365	3332	1187	621	225
Erwinia	2895	174	1222	588	262	112
Buchnera	2565	111	522	613	108	82
Mixta	627	39	239	138	82	26
Tatumella	456	19	122	73	20	9
Duffyella	219	7	83	37	32	7
Paramixta	142	9	135	34	23	2
Winslowiella	142	3	52	26	26	8
Wigglesworthia	34	3	3	13	2	1
Pectobacterium	2896	103	1688	644	350	99
Dickeya	3027	126	1043	585	424	105
Brenneria	1022	53	305	183	88	33
Lonsdalea	263	11	92	71	29	15
Musicola	162	18	69	40	18	7
Prodigiosinella	52	7	11	5	8	3
Edwardsiella	1389	82	1268	361	142	63
Hafnia	679	26	698	162	54	52
Obesumbacterium	70	7	30	11	28	3
Gallaecimonas	935	46	244	287	99	55
Leminorella	439	12	121	91	36	14
Limnobaculum	275	17	56	61	16	8
Pragia	209	6	72	47	18	7
Sodalis	770	76	249	166	63	43
Pseudomonas	295846	12209	2653668	87913	111663	24746
Stutzerimonas	7591	364	8334	2193	1890	430
Halopseudomonas	3240	230	1629	1720	669	155
Azotobacter	2098	63	1435	563	333	94
Denitrificimonas	131	13	73	1458	128	26
Thiopseudomonas	252	19	531	599	48	12
Entomomonas	372	21	111	134	36	12
Permianibacter	247	26	107	51	52	10
Marinobacter	5400	369	1623	1356	641	201
Ketobacter	248	21	27	46	16	10
Pseudohongiella	178	15	45	51	9	7
Acinetobacter	434632	3980	1083606	283492	434003	114456
Moraxella	2697	112	1844	6901	11935	1112
Psychrobacter	1909	99	755	1974	1475	137
Aquirhabdus	122	3	28	38	23	10
Aeromonas	32972	1440	1257606	126866	23830	12594
Tolumonas	57418	141	1969	1617	528	106
Oceanimonas	843	60	477	407	106	34
Zobellella	434	14	207	192	67	20
Oceanisphaera	382	13	152	176	53	10
Dongshaea	202	9	77	56	33	5
Succinivibrio	5328	366	70	9540	32	26
Stenotrophomonas	14012	772	53318	3821	9390	2366
Xanthomonas	12153	3351	20005	17143	9681	3295
Pseudoxanthomonas	15883	229	2050	645	4435	1722
Lysobacter	10105	523	2785	1276	3165	1798
Thermomonas	3527	145	1703	677	2830	942
Luteimonas	3122	151	679	369	1068	439
Xylella	428	36	447	64	182	40
Arenimonas	628	18	95	50	108	96
Pseudolysobacter	291	15	88	41	47	48
Dyella	2530	251	595	309	413	344
Rhodanobacter	1867	199	560	266	529	454
Luteibacter	1669	118	456	225	280	209
Frateuria	705	42	213	107	120	89
Tahibacter	382	29	103	41	84	606
Dokdonella	576	28	90	43	124	197
Aerosticca	288	28	62	21	90	33
Ahniella	292	29	65	28	45	33
Metallibacterium	42	5	5	3	23	1
Shewanella	12420	1426	30696	7342	2497	1037
Parashewanella	282	12	65	76	11	10
Pseudoalteromonas	5589	654	3959	4114	1427	417
Psychrosphaera	272	9	28	51	13	9
Flocculibacter	92	2	45	28	5	9
Alteromonas	2099	78	687	485	159	77
Salinimonas	580	24	134	91	61	22
Paraglaciecola	606	30	124	140	56	23
Agarivorans	514	18	194	166	34	20
Alkalimarinus	348	10	123	85	24	17
Catenovulum	327	12	75	44	10	8
Lacimicrobium	198	10	49	50	17	10
Paraneptunicella	187	11	68	27	15	5
Hydrocarboniclastica	176	15	43	46	13	8
Saccharobesus	135	7	48	35	8	15
Saliniradius	109	13	40	20	28	10
Planctobacterium	137	14	34	19	8	2
Aliiglaciecola	129	2	38	30	11	2
Glaciecola	130	2	19	40	7	5
Gayadomonas	11	0	2	13	1	0
Thalassotalea	1671	62	362	412	124	63
Colwellia	1020	27	217	208	76	36
Thalassomonas	662	19	125	133	57	26
Cognaticolwellia	87	5	26	21	5	1
Litorilituus	75	2	17	37	9	2
Idiomarina	814	43	259	205	111	38
Pseudidiomarina	145	2	86	35	13	4
Ferrimonas	907	64	273	274	104	41
Moritella	536	18	130	141	42	22
Psychromonas	430	18	89	101	25	16
Haemophilus	3478	4593	17792	26354	5840	3061
Actinobacillus	890	31	252	511	182	36
Pasteurella	787	30	289	366	59	27
Mannheimia	680	29	157	287	88	43
Aggregatibacter	580	33	172	297	93	26
Glaesserella	498	10	101	170	75	14
Gallibacterium	493	24	134	161	37	10
Avibacterium	425	16	109	172	67	12
Rodentibacter	209	5	42	67	69	8
Basfia	162	4	31	82	21	5
Histophilus	121	7	26	64	16	9
Bibersteinia	134	5	24	61	12	6
Frederiksenia	118	10	25	22	9	5
Otariodibacter	115	5	19	37	8	4
Mergibacter	114	2	16	33	6	4
Bisgaardia	91	6	19	26	3	9
Vespertiliibacter	43	2	10	22	10	1
Halomonas	9576	581	3282	1884	1382	459
Salinicola	1220	84	332	186	182	46
Cobetia	850	80	244	169	101	39
Vreelandella	754	56	205	195	97	24
Kushneria	497	50	171	80	97	24
Chromohalobacter	429	20	117	72	42	16
Halotalea	320	24	87	41	49	13
Zymobacter	102	12	29	26	10	3
Candidatus	91	6	12	15	3	5
Candidatus	68	0	19	16	5	3
Billgrantia	239	21	68	36	37	9
Pistricoccus	209	10	85	34	33	17
Neptunomonas	565	228	1581	2269	521	133
Marinomonas	1809	72	649	467	181	72
Marinobacterium	1036	109	420	334	160	64
Thalassolituus	764	80	385	274	139	39
Aliamphritea	620	43	123	107	35	33
Amphritea	465	37	167	81	55	18
Venatoribacter	276	31	226	139	127	17
Bacterioplanes	206	16	132	74	76	14
Nitrincola	209	28	99	105	17	3
Neptuniibacter	186	6	65	68	19	9
Bacterioplanoides	125	12	77	43	27	5
Bermanella	116	11	30	34	11	4
Alcanivorax	808	38	285	196	160	27
Alloalcanivorax	576	40	156	103	70	24
Isoalcanivorax	388	12	112	63	65	16
Endozoicomonas	1391	81	349	294	112	50
Hahella	1145	66	286	205	79	36
Saccharospirillum	276	22	65	34	28	10
Gynuella	211	12	92	31	32	7
Reinekea	135	8	54	45	24	2
Salinispirillum	116	3	59	33	15	6
Oleiphilus	236	4	67	34	20	14
Spartinivicinus	261	5	30	39	10	7
Pleionea	161	4	32	45	10	7
Litorivicinus	144	8	49	29	11	4
Vibrio	21061	1042	7193	7188	1979	849
Photobacterium	2828	157	761	875	263	103
Salinivibrio	524	29	182	114	53	19
Grimontia	436	33	92	114	27	17
Aliivibrio	364	19	74	120	17	17
Thaumasiovibrio	99	14	117	87	6	3
Paraphotobacterium	145	8	22	23	3	2
Enterovibrio	88	2	10	18	9	0
Candidatus	0	0	4	0	0	0
Rheinheimera	2402	26	1060	207	595	1308
Thiorhodovibrio	1693	71	446	169	208	49
Allochromatium	1064	79	556	261	163	32
Thiocapsa	1153	74	392	147	162	34
Nitrosococcus	1034	63	250	91	56	8
Thiodictyon	972	55	225	88	109	27
Thiocystis	674	47	170	65	69	22
Marichromatium	602	40	139	77	60	20
Thioflavicoccus	528	33	111	38	41	18
Thermochromatium	366	22	198	46	71	18
Caldichromatium	364	33	176	45	74	11
Candidatus	253	3	98	52	17	15
Candidatus	133	5	43	22	11	5
Chromatium	1	0	0	0	0	0
Acidihalobacter	1370	445	2788	2336	1129	339
Thioalkalivibrio	1672	132	483	196	278	71
Spiribacter	1185	100	247	138	91	51
Ectothiorhodospira	653	20	269	78	115	27
Halorhodospira	477	44	115	58	52	17
Alkalilimnicola	415	20	104	43	35	12
Aquisalimonas	386	23	72	33	50	16
Ectothiorhodosinus	182	8	45	34	24	7
Sedimenticola	758	64	198	102	72	19
Candidatus	422	57	112	55	37	13
Thiosocius	419	64	87	56	45	10
Candidatus	240	36	74	43	26	8
Thiolapillus	245	13	74	46	18	7
Halothiobacillus	666	54	167	65	67	39
Wenzhouxiangella	605	45	118	59	102	32
Guyparkeria	541	38	114	74	63	24
Granulosicoccus	231	20	56	46	22	6
Sulfuriflexus	157	22	54	39	14	5
Methylomonas	6628	500	1394	611	626	166
Methylococcus	3142	249	1466	332	693	167
Methylocaldum	968	68	394	152	163	40
Methylovulum	295	15	90	60	636	33
Methylobacter	761	29	146	74	77	21
Methylotuvimicrobium	656	42	231	84	44	17
Methylogaea	511	63	201	99	72	17
Methylomagnum	612	43	158	65	59	25
Methylomicrobium	510	66	116	56	40	17
Methylomarinum	613	33	75	52	14	4
Candidatus	455	40	113	50	79	16
Candidatus	358	29	139	35	34	13
Methylomarinovum	613	40	143	42	47	26
Cellvibrio	1244	112	374	286	985	2016
Teredinibacter	1093	58	253	168	61	37
Simiduia	362	30	135	70	46	23
Marinimicrobium	192	24	87	53	19	14
Saccharophagus	151	13	75	44	18	14
Marinagarivorans	150	12	55	46	19	15
Agarilytica	143	8	37	66	11	5
Gilvimarinus	139	3	52	36	21	12
Agaribacterium	109	2	33	14	14	3
Microbulbifer	4361	277	1087	738	425	159
Halioglobus	331	17	96	94	48	10
Kineobactrum	288	20	59	45	45	17
Aequoribacter	187	2	46	14	21	4
Congregibacter	142	9	40	28	17	4
Candidatus	134	9	13	14	6	8
Spongiibacter	422	41	167	102	68	31
Zhongshania	117	11	82	41	9	5
Oceanicoccus	113	4	27	30	14	2
Thiomicrorhabdus	1306	74	298	258	79	33
Methylophaga	1065	58	342	200	64	34
Thiomicrospira	789	41	244	112	76	25
Hydrogenovibrio	336	18	90	73	29	21
Piscirickettsia	259	10	41	38	12	15
Thiosulfatimonas	228	10	48	19	19	5
Cycloclasticus	134	12	40	23	10	9
Thiosulfativibrio	157	2	32	15	7	7
Thiothrix	1900	112	712	287	250	67
Beggiatoa	220	11	84	29	17	12
Francisella	1572	48	201	417	105	58
Allofrancisella	181	15	32	39	10	9
Cysteiniphilum	101	8	25	43	10	6
Legionella	3803	115	949	568	223	240
Fluoribacter	124	4	11	26	18	2
Rickettsiella	436	16	87	41	19	21
Coxiella	411	13	86	74	18	14
Aquicella	282	3	66	48	13	6
Dichelobacter	1117	17	41	27	41	6
Cardiobacterium	517	17	140	117	103	23
Suttonella	137	4	51	32	23	6
Wohlfahrtiimonas	107	5	841	14	23	1
Ignatzschineria	171	7	168	62	28	7
Acidiferrobacter	711	43	294	54	48	22
Sulfurifustis	583	22	99	37	39	12
Sulfuricaulis	516	37	134	41	43	13
Candidatus	232	16	58	25	10	7
Candidatus	121	3	18	17	14	3
Candidatus	56	3	17	34	4	4
Candidatus	243	8	63	39	22	5
Candidatus	213	22	69	31	13	7
Candidatus	141	7	11	55	13	5
Celerinatantimonas	132	6	28	51	5	2
Candidatus	111	5	22	16	3	3
Candidatus	83	2	21	26	1	4
Candidatus	56	1	12	9	2	1
Candidatus	45	2	14	9	2	0
Candidatus	22	1	1	2	6	1
Candidatus	14	1	4	0	2	2
Sinimarinibacterium	351	16	233	205	262	43
Solimonas	660	35	139	61	117	89
Flagellatimonas	253	10	84	32	47	42
Gilliamella	775	50	147	271	61	22
Zophobihabitans	147	1	24	48	6	1
Frischella	117	4	27	22	6	2
Thiohalobacter	1083	80	241	118	111	32
Sulfurivermis	560	50	197	64	78	23
Kangiella	523	37	142	104	35	25
Immundisolibacter	510	36	107	54	118	28
Steroidobacter	438	30	137	57	70	18
Salinisphaera	333	24	129	33	42	11
Woeseia	200	26	67	19	22	4
Candidatus	35	3	3	5	2	0
Acidovorax	54846	842	144305	16305	345223	66818
Comamonas	73846	1759	207242	41894	71944	24318
Diaphorobacter	24527	622	74147	9196	139831	26224
Variovorax	20820	1067	26498	3775	14394	2728
Hydrogenophaga	19473	786	30492	3726	12338	2387
Rhodoferax	15098	793	27900	4735	14903	1897
Melaminivora	5174	82	17891	2577	29435	2163
Ottowia	8743	228	11767	2999	24190	4506
Delftia	8925	326	22133	2350	11417	2256
Alicycliphilus	6699	138	24067	1203	8413	1571
Paenacidovorax	3988	51	19962	577	2472	497
Limnohabitans	4604	239	9921	1888	4945	516
Paracidovorax	4663	143	11133	871	3579	657
Polaromonas	5394	260	7466	1436	4242	610
Oryzisolibacter	2604	44	10314	773	3817	537
Pulveribacter	1701	47	7146	538	2847	380
Serpentinimonas	2182	130	5751	754	2171	281
Ramlibacter	3280	109	4871	601	1901	379
Simplicispira	1520	55	3704	571	2460	369
Vandammella	1607	64	3248	763	2056	215
Verminephrobacter	1399	58	2690	362	1461	236
Hylemonella	997	43	1642	198	655	106
Curvibacter	600	19	1110	227	792	106
Candidatus	547	41	642	145	326	53
Achromobacter	10843	1642	79837	1385	7229	1684
Alcaligenes	5236	468	80469	4054	1549	313
Bordetella	8428	909	21550	1053	2546	556
Neopusillimonas	1553	50	11179	265	3168	169
Paenalcaligenes	242	11	9510	107	52	6
Castellaniella	2019	151	1969	352	702	135
Pigmentiphaga	1507	176	823	263	543	138
Orrella	881	93	833	156	269	64
Advenella	816	129	636	304	224	39
Oligella	346	18	261	1266	85	51
Pollutimonas	680	78	658	134	260	49
Pusillimonas	510	89	674	117	170	29
Kerstersia	487	69	465	167	255	34
Paralcaligenes	335	49	270	62	70	27
Taylorella	154	12	56	76	25	11
Pelistega	90	4	49	120	21	5
Basilea	114	6	36	34	22	1
Burkholderia	20089	4664	21099	17918	9274	3129
Cupriavidus	18429	2748	18442	7043	7236	2241
Paraburkholderia	14262	1513	4983	1626	2930	830
Ralstonia	7451	1718	5399	2567	2919	672
Polynucleobacter	6579	978	3317	1842	1436	252
Pandoraea	7549	914	2731	766	1589	333
Caballeronia	2733	366	875	300	508	165
Limnobacter	661	78	448	122	298	36
Ephemeroptericola	563	60	123	64	751	9
Trinickia	897	82	291	85	133	53
Mycetohabitans	679	129	345	93	185	39
Robbsia	725	63	291	89	146	38
Mycoavidus	799	62	184	89	132	21
Lautropia	561	60	272	106	136	32
Candidatus	302	23	83	36	41	5
Roseateles	12224	538	5269	1485	4215	1100
Sphaerotilus	4390	200	1777	625	9066	5823
Piscinibacter	4029	168	1427	336	1002	273
Caldimonas	3941	139	1510	356	1023	231
Ideonella	3065	123	1265	219	920	198
Aquincola	2009	73	910	179	877	343
Methylibium	1679	75	707	118	481	192
Leptothrix	1781	76	618	173	442	113
Rubrivivax	1455	77	575	117	346	149
Inhella	964	51	541	126	371	65
Azohydromonas	36	2	28	5	10	4
Massilia	10546	1065	4331	1243	2776	754
Pseudoduganella	4146	380	1773	472	1047	321
Duganella	1134	124	561	161	424	158
Telluria	980	89	493	116	218	66
Rugamonas	871	53	326	90	205	58
Janthinobacterium	5416	647	2515	767	1898	387
Herbaspirillum	5337	861	2866	714	1402	381
Oxalobacter	2599	159	373	1428	156	46
Collimonas	1908	306	841	247	382	99
Undibacterium	1443	255	899	287	411	119
Noviherbaspirillum	674	82	220	62	102	43
Actimicrobium	404	88	212	46	86	19
Herminiimonas	239	46	129	30	69	12
Glaciimonas	207	46	103	31	44	1
Candidatus	20	1	8	3	2	3
Aquabacterium	19213	148	2800	531	1658	317
Thiomonas	2784	461	1538	354	749	193
Xylophilus	1316	69	1326	237	636	120
Tepidimonas	799	39	1247	128	301	75
Eleftheria	1309	43	543	130	273	73
Rhizobacter	1163	53	436	104	296	121
Candidatus	163	5	15	15	3	1
Sutterella	1018	284	181	3288	842	3530
Duodenibacillus	535	525	257	2950	115	66
Turicimonas	150	32	36	101	32	11
Azospira	49243	1785	12807	985	10913	1951
Propionivibrio	54536	5039	651	361	285	119
Aromatoleum	2979	401	1163	454	2181	398
Oryzomicrobium	2899	393	1213	157	606	183
Niveibacterium	2213	433	575	236	746	265
Dechloromonas	33380	13335	12039	2507	3231	1277
Ferribacterium	18515	10560	5354	1297	1612	624
Azonexus	10265	2705	4371	1205	1327	454
Quatrionicoccus	7951	2473	2091	460	662	233
Thauera	16619	1217	11925	5002	64960	6205
Azoarcus	7096	913	2306	777	2778	951
Nitrogeniibacter	2537	351	746	236	649	347
Parazoarcus	1712	287	622	220	1006	269
Pseudothauera	1175	176	561	157	496	115
Pseudazoarcus	671	146	187	85	257	102
Denitromonas	10	0	3	0	1	0
Fluviibacter	720	15079	713	345	95	60
Uruburuella	450	32	306	72070	2548	204
Neisseria	5814	624	3643	4095	5007	363
Vitreoscilla	1524	58	1343	1078	12076	807
Paralysiella	311	41	278	638	3079	26
Kingella	718	53	494	324	820	37
Snodgrassella	604	51	275	117	170	31
Crenobacter	645	39	267	65	111	44
Alysiella	259	18	158	135	466	9
Eikenella	380	27	204	140	158	16
Wielerella	266	10	167	101	337	7
Conchiformibius	268	8	215	98	232	5
Aquella	432	26	52	47	12	15
Simonsiella	128	3	61	56	175	6
Morococcus	35	6	6	15	11	2
Laribacter	17120	1000	1297	9917	1099	225
Aquaspirillum	4210	179	12049	532	7332	3244
Microvirgula	979	82	530	81	1181	101
Chromobacterium	6192	566	3356	761	1517	582
Aquitalea	1881	269	1509	283	448	183
Vogesella	2024	131	1140	270	444	120
Paludibacterium	1875	247	1062	173	221	114
Pseudogulbenkiania	722	65	391	85	197	46
Chitinibacter	1613	143	797	200	239	57
Chitinimonas	1593	198	594	180	284	97
Jeongeupia	1288	138	435	218	217	79
Deefgea	902	73	433	118	144	17
Chitiniphilus	821	55	183	125	161	43
Iodobacter	695	57	262	102	68	21
Chitinolyticbacter	654	62	214	95	101	30
Silvimonas	503	70	217	95	102	19
Denitratisoma	2804	339	1330	306	862	214
Sulfuricystis	2189	267	578	240	505	101
Rugosibacter	1586	632	241	207	148	49
Sulfuritalea	1375	188	324	108	203	63
Sterolibacterium	938	141	484	170	269	91
Methyloversatilis	825	118	228	104	396	158
Nitrosomonas	3678	169	986	394	681	509
Nitrosospira	1086	125	322	133	215	139
Thiobacillus	3762	261	469	209	330	126
Sulfuritortus	946	133	216	76	181	44
Methylophilus	998	231	375	162	166	34
Methylobacillus	241	22	150	76	536	56
Candidatus	605	56	205	110	64	20
Methylovorus	427	104	199	63	148	27
Methylotenera	439	36	136	39	66	12
Methyloradius	180	18	61	29	46	9
Sideroxydans	839	87	208	87	166	31
Ferrigenium	549	68	162	59	71	21
Sideroxyarcus	534	61	110	53	48	21
Ferriphaselus	352	87	111	46	92	30
Candidatus	405	46	134	53	53	21
Gallionella	330	67	151	43	72	21
Sulfuriferula	1007	134	538	145	318	55
Sulfurimicrobium	1376	101	250	146	229	85
Sulfuricella	420	83	133	55	72	22
Usitatibacter	1044	74	207	81	105	42
Chitinivorax	1068	175	493	91	279	63
Casimicrobium	548	77	132	64	142	51
Candidatus	359	8	96	80	41	14
Candidatus	63	1	5	9	1	4
Candidatus	36	0	9	3	1	0
Ferrovum	377	30	177	44	39	16
Rhizobium	23334	723	4263	1706	5935	2319
Agrobacterium	7974	287	2308	555	2669	872
Neorhizobium	2217	95	405	155	488	191
Pararhizobium	2174	105	294	164	468	219
Pseudorhizobium	582	13	184	45	188	60
Allorhizobium	449	12	75	36	126	45
Shinella	15541	190	2920	552	24928	5037
Sinorhizobium	6257	268	1147	424	1979	738
Ensifer	3220	89	721	181	617	299
Peteryoungia	478	22	104	42	118	32
Hoeflea	435	23	110	51	60	32
Ciceribacter	412	5	77	24	93	36
Gellertiella	265	18	54	23	65	21
Liberibacter	309	8	40	42	11	14
Georhizobium	258	10	43	19	34	14
Lentilitoribacter	135	3	19	21	5	2
Xanthobacter	15309	7395	28259	31688	12125	4774
Ancylobacter	4261	78	589	155	555	165
Aquabacter	3247	21	178	45	128	54
Azorhizobium	1485	30	291	25	183	100
Pseudolabrys	1385	52	183	47	103	45
Labrys	766	23	105	30	94	59
Starkeya	751	11	83	35	84	28
Bradyrhizobium	44726	1800	7372	3391	4908	2538
Rhodopseudomonas	7798	198	1187	235	602	288
Afipia	1688	57	196	68	240	178
Tardiphaga	1530	77	272	107	176	101
Nitrobacter	1213	24	129	31	125	162
Variibacter	334	21	40	16	24	16
Bartonella	2276	3891	19232	24315	7314	2596
Bosea	27072	253	1898	460	9932	3625
Mesorhizobium	19975	724	3275	1217	3373	1753
Aminobacter	2261	36	264	80	596	208
Nitratireductor	2011	97	422	232	323	153
Phyllobacterium	1485	64	235	105	165	70
Aquibium	1133	35	157	54	167	48
Chelativorans	545	13	83	33	70	35
Methylobacterium	12639	411	1927	613	1351	648
Microvirga	5063	86	1531	198	292	155
Methylorubrum	1956	101	389	126	329	147
Brucella	9109	161	4672	589	1277	995
Ochrobactrum	124	2	42	11	25	9
Pseudochrobactrum	1214	21	1178	137	684	233
Devosia	6918	240	1187	478	1394	637
Paradevosia	1465	16	69	42	118	47
Pelagibacterium	968	54	170	83	143	73
Youhaiella	639	18	60	34	36	20
Maritalea	185	15	41	36	38	17
Mariluticola	159	8	34	21	25	13
Pannonibacter	2160	41	727	72	375	117
Roseibium	1945	85	424	151	198	109
Stappia	1227	52	428	83	182	75
Breoghania	1258	50	241	105	134	75
Labrenzia	660	37	171	57	106	32
Pseudovibrio	276	11	66	52	32	14
Methylocystis	6040	421	1465	207	261	124
Methylosinus	870	33	123	36	79	40
Hyphomicrobium	4770	147	605	152	235	255
Rhodomicrobium	783	27	109	45	66	36
Rhodoplanes	722	26	123	45	90	22
Methyloceanibacter	466	22	84	38	39	23
Methyloligella	326	11	43	30	33	15
Filomicrobium	162	11	20	16	10	13
Aureimonas	2163	78	388	124	338	152
Martelella	1878	83	323	160	450	167
Jiella	483	9	80	45	58	27
Aurantimonas	419	10	80	14	61	27
Pleomorphomonas	4058	93	862	102	375	160
Hartmannibacter	485	17	95	25	62	22
Enhydrobacter	1773	34	164	42	118	122
Pseudorhodoplanes	1362	14	106	15	70	44
Nordella	654	20	93	39	68	45
Terrihabitans	310	9	41	22	26	7
Candidatus	30	1	8	7	3	2
Cohaesibacter	2916	150	542	440	299	133
Methylovirgula	742	43	144	56	86	41
Methylocella	737	30	107	47	76	33
Beijerinckia	278	8	37	16	20	15
Methylocapsa	270	5	37	13	15	12
Phreatobacter	1830	61	305	111	269	127
Parvibaculum	511	36	77	24	50	23
Kaustia	444	19	91	27	44	16
Pyruvatibacter	326	10	43	19	34	15
Anderseniella	171	16	38	18	23	13
Candidatus	156	7	31	18	17	11
Kaistia	1724	25	147	25	109	52
Blastochloris	1276	51	214	57	114	51
Chelatococcus	1072	37	235	59	161	71
Acuticoccus	902	40	166	89	95	37
Roseitalea	449	18	70	45	59	27
Oricola	280	9	31	21	31	20
Salinarimonas	478	25	129	38	68	29
Terrirubrum	507	20	90	35	49	29
Chenggangzhangella	488	13	74	31	79	37
Lichenihabitans	543	11	66	21	50	15
Rhodoligotrophos	318	12	35	43	38	11
Salaquimonas	174	11	36	18	22	6
Coralliovum	128	17	25	16	30	8
Paracoccus	19516	739	6154	3735	38702	10379
Rhodobacter	3354	49	464	169	2626	449
Gemmobacter	2383	13	199	102	4014	293
Fuscovulum	2060	38	264	89	1576	240
Cereibacter	1912	50	352	96	973	219
Neotabrizicola	1114	18	117	59	1671	237
Thioclava	1330	34	224	104	557	116
Tabrizicola	952	9	95	20	773	175
Haematobacter	729	14	80	35	833	97
Pseudooceanicola	929	30	196	77	386	106
Rhodovulum	912	19	141	69	341	124
Frigidibacter	648	10	97	44	647	104
Yoonia	706	30	90	49	273	56
Defluviimonas	565	15	59	37	210	62
Polymorphum	486	12	126	34	191	30
Aliiroseovarius	490	17	94	49	173	40
Paroceanicella	494	12	86	48	137	56
Roseinatronobacter	443	13	67	39	216	49
Tritonibacter	440	33	88	47	149	36
Pelagovum	464	15	80	30	107	48
Abyssibius	288	12	34	22	307	44
Gymnodinialimonas	446	18	72	35	108	22
Falsirhodobacter	358	13	32	20	210	31
Roseicitreum	289	6	45	30	232	35
Limimaricola	350	15	53	27	93	39
Pukyongiella	325	10	56	19	124	28
Silicimonas	369	7	63	19	80	13
Parasedimentitalea	300	17	47	40	100	19
Pontivivens	332	12	45	25	57	21
Pseudorhodobacter	233	2	24	20	176	34
Pacificitalea	275	9	29	24	103	33
Marivivens	252	32	33	23	111	12
Brevirhabdus	293	8	43	15	76	23
Pikeienuella	235	15	58	27	52	27
Profundibacter	210	7	41	28	93	10
Cognatishimia	201	16	47	28	44	18
Algicella	217	4	59	14	38	8
Rhodophyticola	164	3	54	16	77	14
Pontibrevibacter	188	14	43	17	37	10
Qingshengfaniella	172	4	29	19	50	18
Fontisubflavum	148	4	45	17	44	8
Aestuariibius	115	6	7	20	22	2
Amylibacter	88	10	13	28	19	4
Planktomarina	74	5	16	12	22	8
Sulfitobacter	4111	193	716	393	1495	309
Roseovarius	2595	103	484	245	940	260
Leisingera	1820	79	427	191	602	166
Ruegeria	1494	62	244	168	463	131
Salipiger	1473	62	257	107	414	133
Celeribacter	1285	36	246	147	520	120
Phaeobacter	1282	65	237	114	486	104
Jannaschia	1058	35	183	78	291	81
Roseivivax	860	33	98	72	238	72
Pseudosulfitobacter	676	28	132	67	362	97
Sagittula	719	33	121	59	233	62
Roseobacter	722	19	129	50	173	35
Thalassovita	547	12	98	63	255	58
Octadecabacter	537	27	74	63	133	29
Ketogulonicigenium	451	23	68	48	231	38
Actibacterium	457	13	69	22	148	29
Palleronia	467	17	70	34	104	29
Mameliella	336	15	50	34	213	44
Alloyangia	355	16	57	39	103	32
Ponticoccus	311	8	47	20	147	51
Marinovum	293	26	46	22	149	27
Dinoroseobacter	289	4	51	43	86	28
Roseicyclus	231	12	35	21	135	19
Loktanella	284	9	32	26	70	19
Oceanicola	285	10	41	16	62	16
Tropicibacter	230	13	48	16	97	22
Roseibacterium	251	1	26	36	85	26
Antarctobacter	233	5	35	20	65	27
Tateyamaria	201	10	46	21	63	11
Thalassococcus	205	18	29	13	66	14
Thalassobacter	153	3	14	14	34	11
Lentibacter	113	4	29	16	22	6
Falsihalocynthiibacter	104	5	18	14	14	4
Aliisedimentitalea	7	1	8	0	5	0
Wenxinia	1	0	2	1	0	0
Sphingomonas	19083	815	3844	1479	2815	1454
Sphingopyxis	14333	272	1465	453	1936	895
Sphingobium	7511	328	1844	639	2526	613
Novosphingobium	6037	266	1435	495	1013	433
Rhizorhabdus	981	53	179	62	207	85
Sphingorhabdus	762	32	129	81	82	43
Parasphingorhabdus	644	32	107	60	70	34
Blastomonas	442	16	191	34	77	29
Sphingomicrobium	434	14	105	52	63	20
Parasphingopyxis	435	12	83	41	25	22
Sphingosinithalassobacter	374	23	67	42	46	25
Hankyongella	238	15	39	35	21	28
Tardibacter	202	11	48	28	38	15
Allosphingosinicella	197	10	44	9	17	10
Stakelama	189	2	40	17	18	14
Citromicrobium	194	6	26	16	16	7
Novosphingopyxis	177	4	28	26	14	11
Aquisediminimonas	133	5	22	16	11	8
Erythrobacter	2944	146	568	363	387	147
Porphyrobacter	989	34	177	122	102	41
Qipengyuania	1897	80	432	240	201	101
Caenibius	936	21	343	73	1185	381
Altererythrobacter	1149	51	246	114	142	68
Croceicoccus	897	33	194	97	126	70
Tsuneonella	787	36	179	63	153	39
Croceibacterium	613	26	149	58	85	36
Aurantiacibacter	556	38	114	45	59	22
Pelagerythrobacter	569	22	100	33	44	17
Paraurantiacibacter	148	5	42	24	23	8
Alteriqipengyuania	127	13	37	12	15	7
Sphingosinicella	1329	38	190	85	112	63
Polymorphobacter	455	17	56	42	39	23
Sandaracinobacteroides	399	11	47	23	44	19
Zymomonas	271	130	700	856	282	135
Roseomonas	7614	114	1299	316	1134	331
Komagataeibacter	1234	324	1255	1710	533	249
Sediminicoccus	1556	39	807	77	485	126
Acetobacter	1593	102	439	309	201	71
Roseococcus	775	13	257	42	155	26
Pseudoroseomonas	804	18	181	45	105	37
Rhodovastum	859	19	134	44	69	36
Gluconobacter	692	20	173	54	66	30
Pararoseomonas	690	22	150	29	92	21
Acidiphilium	606	121	114	44	48	24
Granulibacter	388	13	87	28	27	33
Lichenicola	415	18	57	22	35	7
Nguyenibacter	367	16	53	15	53	28
Acidocella	294	15	65	25	58	31
Acidisoma	307	16	64	26	46	14
Acidibrevibacterium	323	9	53	15	34	22
Gluconacetobacter	274	11	66	37	34	25
Novacetimonas	279	7	41	13	26	9
Kozakia	193	17	20	26	13	9
Neoasaia	161	9	22	15	15	10
Formicincola	113	3	45	19	26	5
Commensalibacter	120	4	25	33	4	5
Asaia	96	10	33	18	10	9
Parasaccharibacter	104	2	33	13	12	5
Oecophyllibacter	118	4	17	8	10	5
Aristophania	82	1	12	24	14	4
Neokomagataea	87	9	8	17	10	6
Candidatus	87	4	13	6	7	4
Swingsia	70	3	13	12	3	5
Entomobacter	69	2	4	14	3	1
Azospirillum	8086	395	1624	556	1143	471
Skermanella	2130	82	395	119	207	111
Nitrospirillum	748	25	116	46	109	33
Niveispirillum	694	25	91	39	63	37
Indioceanicola	508	11	98	33	39	32
Magnetospirillum	5367	112	595	141	850	288
Rhodospirillum	1062	46	230	79	145	58
Defluviicoccus	707	37	165	37	80	25
Ferrovibrio	668	20	86	38	49	30
Pararhodospirillum	438	14	84	48	59	26
Candidatus	78	12	13	34	8	3
Thalassospira	1650	89	291	211	170	88
Magnetospira	310	6	65	34	15	9
Hypericibacter	1173	51	200	84	147	90
Paramagnetospirillum	923	32	175	53	159	43
Thalassobaculum	572	14	74	32	75	35
Nisaea	312	8	63	28	39	26
Stella	850	37	133	43	114	41
Elioraea	365	19	67	21	102	14
Haematospirillum	256	15	87	47	23	15
Varunaivibrio	314	10	40	16	23	7
Aestuariispira	224	17	33	48	24	19
Terasakiella	248	14	46	33	11	10
Brevundimonas	13266	284	1938	637	9638	1586
Caulobacter	6122	317	1334	414	1259	808
Phenylobacterium	6460	79	663	184	501	210
Asticcacaulis	1274	82	270	140	146	73
Terricaulis	295	15	49	20	21	15
Rickettsia	1165	36	191	200	40	24
Candidatus	350	14	53	48	17	13
Orientia	152	5	32	22	17	6
Candidatus	129	2	27	28	15	6
Candidatus	34	0	2	7	4	0
Candidatus	245	2	10	30	7	3
Candidatus	59	1	8	12	0	0
Wolbachia	875	53	143	197	37	43
Ehrlichia	317	24	48	41	15	9
Anaplasma	135	4	32	27	11	9
Candidatus	76	1	16	16	7	5
Neorickettsia	84	1	8	13	0	3
Candidatus	55	5	3	4	3	3
Candidatus	99	6	28	27	5	4
Candidatus	119	0	4	19	1	2
Candidatus	76	4	2	16	4	2
Candidatus	36	3	2	10	0	1
Candidatus	66	3	5	8	4	0
Hyphomonas	2560	74	308	163	152	73
Candidatus	242	6	30	12	21	12
Hirschia	114	5	8	12	5	4
Maricaulis	389	23	68	43	33	26
Marinicauda	312	8	55	20	44	12
Glycocaulis	178	4	32	14	27	12
Hyphobacterium	119	5	29	15	11	8
Emcibacter	231	4	66	27	33	12
Luteithermobacter	228	3	34	17	24	14
Pseudemcibacter	209	13	23	13	15	6
Paremcibacter	192	10	41	15	11	8
Candidatus	127	6	11	8	6	7
Candidatus	60	2	6	9	2	7
Candidatus	53	1	4	8	2	2
Candidatus	40	1	6	6	1	1
Candidatus	26	2	5	2	3	0
Candidatus	224	3	19	16	40	29
Candidatus	54	4	3	5	6	12
Candidatus	78	1	14	20	3	7
Kordiimonas	354	23	65	88	30	12
Gimibacter	199	15	40	25	23	17
Temperatibacter	142	8	11	36	0	5
Parvularcula	406	33	58	39	47	15
Aquisalinus	180	9	25	12	9	10
Hyphococcus	156	4	8	16	20	7
Candidatus	470	37	83	104	31	13
Candidatus	64	2	10	12	1	3
Tistrella	506	26	136	53	61	43
Minwuia	349	6	89	37	32	11
Magnetococcus	330	8	85	30	18	5
Sneathiella	255	5	48	64	26	16
Candidatus	123	4	27	12	7	4
Acidithiobacillus	4026	324	793	276	514	100
Hydrogenophilus	251	22	92	22	168	9
Mariprofundus	365	26	73	59	19	10
Staphylococcus	15077	36499	460735	234309	59343	23507
Mammaliicoccus	829	104	222	681	54	56
Macrococcoides	407	14	126	788	19	28
Macrococcus	491	20	92	295	22	29
Salinicoccus	352	10	47	79	9	9
Nosocomiicoccus	159	12	31	260	12	13
Jeotgalicoccus	254	13	29	164	15	8
Bacillus	16151	545	2944	7925	728	774
Neobacillus	3917	123	648	1804	153	197
Lysinibacillus	3231	183	696	1940	184	164
Peribacillus	2095	73	351	1056	86	76
Priestia	1846	85	277	934	88	97
Virgibacillus	1601	60	331	796	67	69
Metabacillus	1376	52	251	858	63	71
Geobacillus	1861	66	282	289	91	43
Oceanobacillus	1265	42	315	801	55	82
Cytobacillus	1315	48	306	667	59	79
Niallia	1190	29	229	732	45	55
Heyndrickxia	1192	36	174	480	36	39
Mesobacillus	1197	55	195	368	51	52
Halobacillus	1051	35	171	405	41	50
Anoxybacillus	983	23	126	364	45	50
Rossellomorea	980	38	126	325	31	42
Psychrobacillus	772	29	164	484	22	33
Fictibacillus	777	14	110	229	20	40
Parageobacillus	738	15	95	242	22	30
Sutcliffiella	615	26	91	290	26	43
Terribacillus	523	16	66	231	17	29
Shouchella	435	12	72	228	14	67
Salicibibacter	516	16	72	169	20	26
Gracilibacillus	337	12	154	273	16	20
Ornithinibacillus	353	10	84	336	9	11
Caldifermentibacillus	334	10	68	340	9	12
Lentibacillus	402	14	72	226	25	11
Salisediminibacterium	496	15	71	146	9	12
Tepidibacillus	450	107	69	91	8	7
Pseudalkalibacillus	449	13	67	144	17	22
Alkalihalobacillus	432	19	61	134	8	21
Evansella	395	13	65	150	22	17
Pontibacillus	312	10	75	221	14	21
Alkalihalophilus	343	12	85	164	13	16
Siminovitchia	429	8	47	129	5	11
Fervidibacillus	244	6	48	150	7	14
Radiobacillus	243	5	38	132	5	15
Salimicrobium	270	10	51	88	9	8
Aeribacillus	279	8	47	68	6	8
Sediminibacillus	257	9	32	71	5	6
Pradoshia	180	8	26	145	6	10
Amphibacillus	114	4	31	201	8	12
Gottfriedia	162	7	51	110	7	14
Halalkalibacter	228	6	30	76	4	5
Anaerobacillus	157	3	33	126	7	6
Halalkalibacterium	120	7	15	161	11	8
Domibacillus	208	7	17	69	2	10
Ectobacillus	186	5	16	61	7	8
Caldalkalibacillus	183	7	33	51	5	1
Salipaludibacillus	177	3	12	65	10	5
Paraliobacillus	115	7	39	100	4	5
Alkalicoccus	180	6	24	37	8	6
Lederbergia	115	6	25	88	7	3
Allobacillus	110	9	38	59	0	5
Paenalkalicoccus	131	3	14	39	7	4
Aciduricibacillus	97	2	22	42	5	9
Mangrovibacillus	73	4	20	35	9	7
Caldibacillus	30	0	0	4	1	2
Paenibacillus	46489	1535	7024	9969	1595	1916
Brevibacillus	5185	776	2724	3676	951	503
Cohnella	2070	61	231	196	39	37
Aneurinibacillus	914	37	166	192	15	30
Saccharibacillus	560	32	114	85	43	18
Thermobacillus	604	22	78	75	12	9
Sporosarcina	2332	173	736	1793	221	154
Planococcus	2575	114	505	989	120	129
Kurthia	643	12	108	1186	20	47
Solibacillus	649	30	191	556	43	47
Ureibacillus	668	27	116	341	24	35
Paenisporosarcina	311	14	54	149	23	14
Metasolibacillus	163	6	24	110	3	6
Rummeliibacillus	146	3	42	87	6	9
Viridibacillus	122	3	18	97	5	4
Chryseomicrobium	124	2	13	69	2	4
Bhargavaea	1	0	0	1	0	0
Listeria	1595	59	332	4929	119	170
Brochothrix	107	6	38	194	5	4
Alicyclobacillus	2520	79	365	356	68	70
Tumebacillus	894	24	115	79	16	24
Kyrpidia	467	21	74	28	14	7
Effusibacillus	221	9	47	39	14	9
Fodinisporobacter	216	15	32	55	6	11
Exiguobacterium	1916	61	261	675	198	77
Hydrogenibacillus	460	10	62	48	14	8
Kroppenstedtia	601	23	73	84	7	10
Staphylospora	321	6	40	38	7	7
Thermoactinomyces	242	6	17	43	3	4
Novibacillus	254	0	25	21	5	5
Polycladomyces	222	8	31	24	8	8
Laceyella	126	3	28	28	9	6
Gemella	717	37	105	508	40	43
Sporolactobacillus	438	16	57	176	9	13
Pullulanibacillus	185	3	27	53	6	14
Abyssicoccus	74	3	24	75	1	4
Streptococcus	23659	1238	2765	555484	26458	21616
Lactococcus	1927	80	1322	5141	710	5365
Floricoccus	77	5	17	151	9	13
Enterococcus	8275	1243	4641	112813	29927	5269
Vagococcus	1747	75	7155	28842	280	497
Tetragenococcus	382	11	83	4352	40	152
Melissococcus	108	7	27	597	8	20
Jeotgalibaca	703	33	112	80433	147	408
Trichococcus	6032	31	216	3271	3584	8109
Carnobacterium	746	42	142	3695	107	340
Granulicatella	199	11	45	1023	31	41
Alkalibacterium	117	7	22	788	2	17
Dolosigranulum	212	9	37	647	14	30
Marinilactibacillus	141	11	34	450	14	28
Desemzia	79	5	28	421	6	33
Ligilactobacillus	1829	81	511	8747	243	322
Lactobacillus	4167	623	609	3874	1137	871
Weissella	3192	73	626	1910	50	43
Limosilactobacillus	1280	144	517	2567	231	96
Lacticaseibacillus	1099	33	215	604	414	162
Companilactobacillus	942	32	181	855	54	58
Lactiplantibacillus	837	29	197	790	67	65
Pediococcus	648	60	157	869	43	45
Leuconostoc	715	25	207	728	56	86
Latilactobacillus	333	24	57	926	32	72
Levilactobacillus	501	18	134	435	56	37
Lentilactobacillus	529	15	72	419	68	27
Loigolactobacillus	345	12	81	596	12	17
Liquorilactobacillus	483	13	80	384	33	22
Paucilactobacillus	341	9	60	463	9	26
Fructilactobacillus	346	12	64	370	28	22
Lapidilactobacillus	544	5	51	131	2	6
Apilactobacillus	331	12	79	271	16	27
Oenococcus	308	12	49	130	14	16
Bombilactobacillus	176	10	42	207	11	9
Xylocopilactobacillus	192	2	22	177	9	25
Schleiferilactobacillus	235	7	40	52	59	14
Secundilactobacillus	113	7	14	157	3	9
Periweissella	48	2	23	100	3	4
Furfurilactobacillus	82	0	22	61	6	5
Amylolactobacillus	76	4	8	63	1	2
Fructobacillus	61	0	7	54	1	3
Nicoliella	50	3	2	33	1	2
Acetilactobacillus	36	0	8	13	1	2
Ruoffia	70	8	21	5709	13	48
Aerococcus	737	29	188	3733	123	74
Globicatella	267	8	72	2526	25	54
Fundicoccus	197	4	40	2511	11	13
Suicoccus	73	4	20	691	3	5
Abiotrophia	99	8	23	365	13	12
Ignavigranum	77	6	14	365	10	7
Facklamia	63	3	15	301	14	13
Faecalibacterium	48831	10505	8926	182981	28472	80734
Ruminococcus	26409	1844	1602	40877	6482	9295
Vescimonas	12580	878	1017	40476	1718	3477
Subdoligranulum	5357	325	1151	7082	1285	4948
Caproicibacterium	13151	198	1382	1891	217	255
Flavonifractor	4582	211	856	6543	1124	1710
Ruthenibacterium	4679	163	757	6211	399	877
Oscillibacter	3652	212	687	5270	408	1124
Lawsonibacter	1564	107	387	2786	809	1194
Pusillibacter	2072	96	387	2599	293	605
Anaerotruncus	2157	82	296	960	423	756
Dysosmobacter	856	84	90	2274	263	614
Ruminiclostridium	2272	106	320	567	124	101
Ethanoligenens	2145	56	366	476	48	78
Acetivibrio	1589	122	293	502	45	68
Solibaculum	966	30	132	529	77	213
Thermocaproicibacter	1251	24	110	252	23	57
Petroclostridium	832	41	144	379	29	28
Amygdalobacter	406	36	95	267	14	50
Paludihabitans	483	16	68	229	19	51
Thermoclostridium	500	18	80	175	15	24
Mageeibacillus	269	41	39	181	7	23
Fastidiosipila	224	9	19	96	3	22
Clostridium	55557	1908	13148	21372	2337	3684
Proteiniclasticum	28340	689	10302	5254	287	100
Sarcina	1630	36	103	806	18	18
Crassaminicella	1360	50	515	503	30	53
Caloramator	1296	40	301	454	26	51
Candidatus	847	26	120	311	11	15
Oceanirhabdus	445	17	143	146	21	18
Hathewaya	253	13	137	116	9	9
Eubacterium	7135	444	1589	6822	1119	3415
Acetobacterium	3652	122	705	942	195	112
Alkalibacter	611	23	85	127	9	12
Intestinimonas	2915	175	517	5406	308	627
Flintibacter	1595	98	329	2010	267	280
Sinanaerobacter	2508	43	335	201	34	30
Massilistercora	900	33	159	475	172	454
Thermaerobacter	1302	38	235	115	47	30
Sulfobacillus	1	0	0	0	0	0
Proteiniborus	300	18	552	536	40	41
Carboxydocella	521	11	60	56	5	4
Fenollaria	318	6	111	149	26	31
Caproiciproducens	6278	113	849	783	85	145
Caproicibacter	4888	54	849	375	47	79
Acutalibacter	1361	38	248	625	92	156
Dehalobacter	4198	152	518	1436	99	104
Desulfitobacterium	3667	92	388	413	85	61
Desulfosporosinus	2457	68	264	326	46	74
Syntrophobotulus	2092	113	159	105	31	22
Syntrophomonas	9988	30	607	50	5	5
Candidatus	1453	14	84	64	9	3
Syntrophothermus	1005	3	56	22	3	7
Dehalobacterium	2628	75	368	904	68	41
Desulforamulus	1862	37	232	209	26	26
Candidatus	1707	25	149	102	18	6
Desulfofundulus	941	18	93	59	6	11
Thermanaerosceptrum	767	13	65	96	4	6
Desulfofarcimen	749	15	75	69	10	8
Acididesulfobacillus	574	19	89	52	11	6
Candidatus	427	22	70	27	6	9
Agathobaculum	3269	109	525	922	81	205
Intestinibacillus	1637	54	271	970	163	374
Butyricicoccus	36	2	3	48	19	16
Aristaeella	4821	147	660	1087	141	294
Maliibacterium	2806	66	407	471	62	73
Desulfoscipio	2570	30	179	123	33	24
Heliomicrobium	1287	34	183	89	9	13
Heliorestis	383	8	42	31	15	5
Symbiobacterium	845	19	126	76	26	9
Caldinitratiruptor	554	23	89	40	15	13
Alkalicella	306	18	81	288	16	19
Proteinivorax	408	10	71	152	21	13
Desulfotomaculum	711	10	70	67	5	5
Thermincola	431	16	47	85	6	14
Blautia	27390	3150	4892	65079	11804	50578
Agathobacter	17074	7167	2830	77111	10882	37293
Roseburia	6362	2226	1629	19864	6803	19129
Mediterraneibacter	6672	1110	2141	22307	2909	16312
Anaerostipes	3631	1156	2119	9074	3767	26986
Simiaoa	3564	5453	1334	17047	1919	16323
Dorea	3538	945	1010	22365	1640	15074
Coprococcus	5228	1148	898	15797	1741	12780
Anaerobutyricum	3115	653	1199	14773	2069	13364
Lachnospira	10094	937	681	13423	1159	8324
Lachnoclostridium	9879	335	4140	4343	1004	2870
Butyrivibrio	5201	1472	851	9199	277	1086
Wujia	1750	627	116	12270	161	2887
Enterocloster	6340	274	1451	5658	1201	2090
Lacrimispora	5745	232	1765	2472	726	939
Anaerocolumna	5106	209	958	2371	234	602
Hungatella	2319	125	668	3102	302	748
Kineothrix	1324	71	492	1197	204	376
Marvinbryantia	1354	67	270	877	97	455
Chordicoccus	1871	33	560	452	45	118
Novisyntrophococcus	1426	91	276	733	101	322
Claveliimonas	796	61	193	938	256	492
Wansuia	980	51	152	587	131	406
Sellimonas	658	43	142	614	291	406
Qiania	903	27	170	500	94	232
Lachnoanaerobaculum	659	38	199	519	48	186
Pseudobutyrivibrio	462	49	149	478	51	158
Stomatobaculum	698	19	166	338	33	82
Anaeromicropila	357	29	171	389	40	97
Herbinix	390	20	141	365	15	69
Anaeropeptidivorans	522	25	99	226	27	46
Chakrabartyella	342	17	84	223	13	40
Tyzzerella	315	5	96	110	13	21
Candidatus	199	8	53	76	4	12
Sporofaciens	11	0	6	8	1	8
Anaerotignum	1142	30	786	2112	57	95
Vallitalea	749	31	187	271	25	43
Petrocella	274	9	96	239	22	29
Defluviitalea	486	31	113	291	15	27
Cellulosilyticum	546	25	126	188	26	50
Romboutsia	18951	251	738	3147	88	365
Clostridioides	3242	159	659	2867	450	1198
Intestinibacter	2293	176	189	1393	204	282
Paraclostridium	2915	66	593	711	63	82
Terrisporobacter	1757	101	461	1057	61	172
Tepidibacter	618	24	362	496	28	26
Peptostreptococcus	260	10	763	140	7	13
Peptacetobacter	296	16	217	187	18	35
Aminipila	9134	123	904	725	134	107
Emergencia	4076	49	1038	698	69	222
Mogibacterium	1164	23	559	557	125	54
Acetoanaerobium	1677	89	2769	5024	644	252
Filifactor	224	20	74	184	4	20
Peptoclostridium	947	23	191	2495	38	71
Alkaliphilus	1027	46	476	600	38	56
Serpentinicella	278	8	106	163	2	11
Geosporobacter	872	15	166	433	26	38
Caminicella	273	12	173	101	13	12
Thermoanaerobacterium	1381	47	374	350	49	59
Thermoanaerobacter	930	30	229	246	22	29
Gelria	702	26	128	50	11	11
Thermacetogenium	525	10	76	41	5	7
Carboxydothermus	391	9	67	32	8	4
Ammonifex	363	8	48	39	7	4
Aceticella	234	7	53	97	11	13
Caldanaerobacter	181	7	43	59	8	6
Mahella	303	11	41	80	11	9
Moorella	3051	79	362	191	32	36
Thermanaeromonas	177	1	38	21	9	5
Zhaonella	552	15	52	42	3	7
Metallumcola	399	9	54	106	9	11
Christensenella	2744	59	388	524	103	226
Halanaerobium	475	10	81	108	16	18
Halocella	90	4	18	24	4	3
Iocasia	94	2	10	31	2	4
Halobacteroides	256	6	56	53	5	11
Acetohalobium	220	2	22	36	4	7
Anoxybacter	392	9	50	57	8	7
Halothermothrix	220	7	31	74	2	12
Monoglobus	1182	30	115	417	27	84
Biomaibacter	509	12	85	58	5	8
Tepidanaerobacter	304	9	97	69	6	6
Thermosediminibacter	400	10	61	46	1	9
Natranaerobius	358	9	52	45	2	3
Natranaerofaba	268	7	40	76	11	4
Helicovermis	290	12	119	129	18	11
Koleobacter	404	7	68	59	9	8
Anaeromusa	12848	83	18615	2335	61	24
Sporomusa	13473	242	1540	560	185	114
Pelosinus	1936	40	368	191	27	32
Methylomusa	1576	32	195	71	31	14
Megamonas	8272	56	722	631	73	12648
Selenomonas	8143	184	4434	2436	107	510
Pectinatus	6493	8	862	115	5	17
Selenobaculum	1808	14	525	101	46	28
Dialister	11065	196	1944	7533	237	2378
Megasphaera	4187	131	1976	5139	281	686
Veillonella	2528	93	6007	1687	104	388
Phascolarctobacterium	12392	1012	2377	15106	745	3234
Acidaminococcus	2676	35	725	785	582	189
Catenibacterium	958	75	387	19508	1240	6668
Faecalibacillus	954	113	478	3644	554	3993
Thomasclavelia	1145	92	1293	2056	402	520
Tannockella	163	12	43	202	8	19
Erysipelothrix	1105	39	714	6344	102	84
Allobaculum	750	18	138	214	13	55
Amedibacterium	258	25	56	309	39	163
Longicatena	239	15	88	267	37	163
Faecalibaculum	431	14	99	172	18	32
Solobacterium	225	10	126	336	15	26
Allocoprobacillus	260	13	34	171	21	46
Intestinibaculum	246	11	39	163	11	27
Bulleidia	124	10	80	124	4	10
Turicibacter	5772	102	354	2348	33	155
Anaerococcus	646	22	249	561	43	39
Peptoniphilus	628	15	209	386	59	50
Finegoldia	400	19	182	382	40	51
Parvimonas	393	22	147	350	45	54
Miniphocaeibacter	221	8	98	514	40	20
Helcococcus	455	15	107	252	27	19
Aedoeadaptatus	375	11	89	143	5	11
Murdochiella	307	7	58	83	8	22
Tissierella	728	30	1170	1297	74	65
Gudongella	685	12	170	1017	15	21
Acidilutibacter	1469	54	2459	1210	48	34
Schnuerera	249	14	790	732	25	33
Keratinibaculum	229	15	822	190	7	13
Gottschalkia	445	11	213	346	14	29
Caloranaerobacter	286	15	255	139	9	11
Sedimentibacter	1987	67	880	1351	91	80
Ezakiella	322	22	83	182	22	27
Caldicellulosiruptor	1672	62	302	503	52	84
Limnochorda	1505	50	261	104	59	31
Candidatus	412	5	50	66	1	12
Ndongobacter	286	4	51	71	7	12
Mycolicibacterium	69146	2424	13096	9670	6505	4035
Mycobacterium	29861	1470	7761	6431	3433	2016
Mycolicibacter	8154	162	1060	183	403	245
Mycobacteroides	1857	579	2282	2891	1038	634
Mycolicibacillus	456	18	121	60	77	31
Rhodococcus	29469	359	2549	979	2507	1043
Nocardia	19023	490	2085	1183	1684	791
Prescottella	1837	173	1022	798	407	162
Rhodococcoides	634	29	77	59	131	107
Williamsia	242	13	37	14	48	12
Corynebacterium	19113	761	3598	4878	3745	1443
Gordonia	15286	398	2346	742	3598	1464
Skermania	653	22	46	77	187	78
Tsukamurella	2052	54	195	98	315	371
Dietzia	1804	70	349	274	447	136
Tomitella	532	19	104	44	85	45
Hoyosella	185	11	26	18	18	10
Lawsonella	163	1	22	24	15	10
Segniliparus	147	4	14	12	21	6
Microbacterium	41448	1007	4603	3157	22497	8606
Leucobacter	8046	149	1097	741	10418	2188
Curtobacterium	4378	998	3642	4449	2461	955
Agromyces	6194	164	607	407	1522	605
Agrococcus	1869	67	270	211	959	405
Rathayibacter	2287	81	287	216	650	254
Leifsonia	1906	82	250	167	514	217
Cryobacterium	1642	84	298	184	502	204
Microcella	1797	53	185	168	451	194
Clavibacter	1429	52	208	133	308	111
Salinibacterium	1055	43	177	130	283	138
Protaetiibacter	1164	23	124	70	234	133
Gulosibacter	628	12	64	132	403	163
Herbiconiux	760	50	104	80	211	101
Microterricola	702	16	76	56	150	78
Frondihabitans	629	34	77	54	189	76
Mycetocola	528	29	87	73	134	54
Rhodoluna	433	20	44	42	43	16
Aquiluna	165	14	45	32	27	17
Plantibacter	388	20	52	41	166	60
Frigoribacterium	421	22	57	47	138	40
Humibacter	327	16	56	37	129	56
Paramicrobacterium	292	11	64	50	103	37
Subtercola	336	10	42	38	93	38
Homoserinibacter	263	9	66	17	85	24
Cnuibacter	257	15	35	28	100	23
Gryllotalpicola	236	8	48	41	96	22
Naasia	224	5	46	37	64	21
Diaminobutyricibacter	233	7	32	15	56	26
Aurantimicrobium	188	5	45	40	54	19
Diaminobutyricimonas	212	7	20	28	45	18
Marisediminicola	186	7	18	16	63	18
Antiquaquibacter	197	5	22	21	32	21
Pseudoclavibacter	150	7	8	38	71	17
Glaciihabitans	153	8	49	21	50	7
Agreia	172	11	19	10	51	22
Ruicaihuangia	158	6	19	20	48	29
Lysinibacter	149	2	21	9	32	20
Pontimonas	46	1	14	11	10	8
Amnibacterium	1	0	0	0	0	1
Arthrobacter	10064	525	1857	1633	2495	1109
Kocuria	2399	100	908	3347	918	307
Rothia	1466	53	529	2127	2422	135
Pseudarthrobacter	2259	80	386	345	591	223
Micrococcus	1614	61	267	609	831	257
Glutamicibacter	1228	90	210	348	536	433
Citricoccus	1080	25	154	168	446	138
Sinomonas	930	24	155	135	244	104
Paenarthrobacter	823	29	165	149	274	124
Paeniglutamicibacter	343	20	62	66	73	38
Auritidibacter	150	2	25	64	102	26
Nesterenkonia	217	3	38	23	22	18
Pseudoglutamicibacter	103	2	12	85	44	27
Neomicrococcus	108	2	21	27	28	20
Psychromicrobium	91	5	19	19	30	8
Zhihengliuella	99	1	13	14	22	13
Renibacterium	53	6	15	12	18	7
Cellulomonas	6732	336	1004	843	1763	742
Paraoerskovia	447	13	71	67	137	58
Pseudactinotalea	312	14	29	54	145	42
Oerskovia	288	6	55	39	81	29
Actinotalea	210	16	30	47	72	23
Janibacter	2497	93	362	391	893	345
Phycicoccus	881	32	98	101	185	97
Arsenicicoccus	486	23	57	60	177	64
Intrasporangium	390	21	51	68	117	53
Terrabacter	388	24	70	59	92	56
Pedococcus	320	19	48	29	93	55
Knoellia	258	17	33	43	59	45
Nostocoides	245	10	44	31	65	31
Brevibacterium	4144	167	689	742	1738	675
Saxibacter	198	6	36	24	40	14
Brachybacterium	3222	148	611	783	1351	402
Dermabacter	331	12	46	96	116	50
Helcobacillus	227	6	22	102	78	26
Devriesea	74	9	53	18	27	10
Cellulosimicrobium	2146	65	208	188	327	152
Isoptericola	1093	30	127	122	208	97
Xylanimonas	900	51	120	111	235	106
Promicromonospora	327	11	53	41	80	35
Ornithinimicrobium	2229	107	378	406	813	319
Serinicoccus	816	50	134	213	467	187
Georgenia	1700	91	258	402	664	240
Dermacoccus	716	35	137	108	245	104
Barrientosiimonas	378	7	77	34	117	39
Yimella	268	12	33	52	100	42
Luteipulveratus	219	9	32	33	77	30
Allobranchiibius	245	8	26	34	62	23
Ruania	995	60	146	165	307	145
Occultella	326	31	46	49	109	59
Sanguibacter	664	33	124	189	620	266
Miniimonas	391	17	50	59	409	128
Beutenbergia	360	21	32	55	98	48
Gephyromycinifex	345	9	63	39	129	39
Austwickia	312	24	38	48	72	23
Dermatophilus	159	3	18	32	40	14
Demequina	668	21	106	118	230	89
Pengzhenrongella	379	21	48	37	88	27
Luteimicrobium	263	10	29	36	68	20
Kytococcus	304	16	51	65	171	78
Jonesia	54	4	24	42	24	33
Tropheryma	34	0	1	8	1	0
Streptomyces	136030	7615	32210	22884	23017	9058
Kitasatospora	5445	258	1108	576	845	321
Actinacidiphila	836	41	141	77	127	40
Streptacidiphilus	690	32	126	71	106	55
Yinghuangia	422	19	63	34	53	26
Peterkaempfera	283	10	41	31	38	15
Streptantibioticus	260	21	49	34	29	14
Embleya	237	8	56	34	27	15
Carbonactinospora	0	0	6	0	0	0
Propioniciclava	12153	1125	592	11688	19271	6262
Tessaracoccus	8595	528	748	6454	17288	5829
Brooklawnia	5220	101	1782	422	6838	608
Microlunatus	3427	150	281	335	3144	2440
Propionibacterium	2638	108	208	447	1872	556
Acidipropionibacterium	1980	74	315	230	1099	417
Cutibacterium	2594	86	220	372	586	189
Raineyella	2313	169	162	213	848	325
Arachnia	1356	87	114	235	709	177
Propionimicrobium	1657	27	91	188	493	150
Auraticoccus	567	47	68	61	271	114
Vaginimicrobium	97	4	6	30	14	16
Micropruina	5896	162	363	429	9335	19009
Nocardioides	19054	792	2974	1986	4403	2249
Aeromicrobium	2905	147	388	258	726	283
Mumia	1114	22	126	53	131	49
Pimelobacter	789	30	109	65	188	101
Friedmanniella	499	31	58	50	266	133
Solicola	525	13	45	20	56	30
Kribbella	3885	210	585	377	797	364
Actinopolymorpha	337	22	46	37	73	24
Bifidobacterium	14416	932	15348	43011	28641	32943
Gardnerella	420	13	98	493	149	408
Parascardovia	100	5	21	46	8	5
Scardovia	117	2	13	26	7	2
Bombiscardovia	63	5	7	32	4	2
Schaalia	14565	92	358	1932	880	369
Changpingibacter	10936	3	159	54	456	201
Actinomyces	5380	266	1059	1518	1714	622
Trueperella	1369	60	174	1657	458	221
Flaviflexus	667	31	90	444	274	124
Arcanobacterium	908	24	98	259	199	122
Scrofimicrobium	733	48	39	43	67	19
Mobiluncus	284	7	41	73	50	16
Buchananella	211	8	43	68	76	30
Actinotignum	182	6	24	57	108	53
Actinobaculum	107	1	19	18	114	66
Pauljensenia	172	5	16	39	59	12
Gleimia	171	6	19	33	30	17
Nanchangia	133	2	32	28	44	13
Winkia	106	5	21	25	25	15
Varibaculum	115	8	10	34	11	13
Boudabousia	120	5	10	22	17	5
Micromonospora	15850	722	3047	1517	2376	1052
Actinoplanes	4590	226	854	443	820	315
Dactylosporangium	3356	182	633	398	499	208
Plantactinospora	1022	61	232	155	169	74
Phytohabitans	855	32	132	91	126	65
Solwaraspora	789	30	109	86	143	54
Actinocatenispora	780	38	136	54	131	58
Catellatospora	453	13	77	37	81	31
Couchioplanes	396	15	97	42	60	21
Amorphoplanes	380	23	68	38	65	26
Polymorphospora	337	8	69	33	47	22
Natronosporangium	274	12	60	24	37	13
Salinispora	186	5	27	24	19	6
Paractinoplanes	14	3	2	1	1	3
Amycolatopsis	12665	570	2238	1218	1869	794
Pseudonocardia	3690	189	644	342	639	315
Saccharopolyspora	2616	93	436	265	351	136
Saccharothrix	1675	72	280	183	259	102
Lentzea	1412	69	273	131	216	91
Kutzneria	1251	61	312	156	208	75
Saccharomonospora	1113	59	198	133	181	66
Actinoalloteichus	1047	48	147	104	172	74
Actinosynnema	663	39	110	73	94	41
Umezawaea	570	27	101	51	71	36
Crossiella	525	25	114	54	76	24
Actinomycetospora	531	25	85	35	65	27
Kibdelosporangium	457	23	71	52	51	26
Allokutzneria	377	13	59	35	54	22
Actinokineospora	368	23	40	43	36	22
Alloactinosynnema	327	10	60	34	35	17
Prauserella	317	4	24	29	46	11
Allosaccharopolyspora	168	12	45	7	15	13
Nonomuraea	3955	202	693	417	591	246
Streptosporangium	1951	86	310	204	289	113
Microbispora	1114	54	226	112	162	64
Thermobispora	273	16	49	27	39	15
Spongiactinospora	23	0	5	2	5	1
Sphaerisporangium	12	3	6	1	5	0
Actinomadura	3128	144	506	283	462	222
Thermomonospora	648	39	134	68	99	39
Actinoallomurus	500	30	91	43	77	29
Spirillospora	433	18	51	23	74	25
Nocardiopsis	2212	97	351	192	280	116
Thermobifida	595	32	103	80	110	49
Streptomonospora	331	11	46	30	63	21
Spiractinospora	208	5	48	24	61	22
Blastococcus	1426	55	333	122	223	89
Geodermatophilus	601	26	241	43	94	54
Modestobacter	642	32	116	69	120	43
Nakamurella	2047	56	239	151	595	1066
Frankia	1075	40	228	117	159	69
Parafrankia	493	12	63	43	53	26
Pseudofrankia	389	33	49	42	55	32
Protofrankia	262	14	32	16	23	14
Jiangella	892	38	182	92	189	65
Candidatus	741	27	111	87	34	20
Candidatus	142	4	12	27	9	2
Jatrophihabitans	708	52	107	87	100	60
Kineococcus	513	23	118	58	117	46
Stackebrandtia	378	11	58	36	57	16
Natronoglycomyces	112	4	8	25	16	5
Catenulispora	461	19	74	60	66	19
Epidermidibacterium	246	11	50	26	42	31
Actinopolyspora	224	10	30	23	16	11
Acidothermus	120	5	33	16	13	6
Collinsella	10931	560	2139	35712	2539	8247
Enorma	572	16	170	200	12	54
Coriobacterium	362	8	108	107	16	13
Olsenella	1578	43	841	585	42	68
Thermophilibacter	1484	44	854	562	40	45
Parolsenella	991	39	467	1255	56	198
Parafannyhessea	617	19	378	271	26	40
Lancefieldella	347	10	97	177	20	19
Atopobium	276	9	142	107	12	16
Fannyhessea	96	2	17	115	57	14
Leptogranulimonas	192	5	96	112	7	11
Eggerthella	5051	112	1920	2554	295	637
Adlercreutzia	2899	80	616	912	245	1063
Gordonibacter	2620	55	576	1108	154	468
Raoultibacter	1921	24	535	307	54	51
Arabiibacter	986	34	347	345	28	47
Berryella	796	40	428	338	31	48
Slackia	738	24	385	266	25	41
Denitrobacterium	475	11	655	187	20	39
Xiamenia	607	15	242	260	17	36
Phoenicibacter	186	9	45	470	14	14
Cryptobacterium	188	1	90	49	5	7
Conexibacter	3291	45	263	116	116	73
Baekduia	1160	31	202	70	67	45
Svornostia	435	20	74	26	33	28
Paraconexibacter	886	25	135	52	52	59
Capillimicrobium	603	23	97	28	30	23
Miltoncostaea	1157	55	138	55	54	31
Thermoleophilum	247	11	34	8	5	9
Iamia	1282	22	157	71	84	59
Dermatobacter	1097	17	77	32	40	62
Aquihabitans	548	17	97	27	49	57
Actinomarinicola	553	22	82	26	32	24
Ilumatobacter	458	14	56	18	19	4
Acidimicrobium	143	9	33	22	10	2
Rubrobacter	2015	60	480	162	67	41
Euzebya	358	18	81	28	45	17
Egicoccus	380	14	43	22	32	13
Egibacter	230	11	45	29	26	10
Synechococcus	5796	243	964	738	278	154
Dactylococcopsis	69	6	12	13	3	1
Prochlorococcus	1490	63	268	269	69	32
Cyanobium	694	35	187	87	81	35
Parasynechococcus	70	1	13	1	0	0
Synechocystis	544	16	86	60	18	10
Nostoc	2614	138	459	535	137	67
Anabaena	214	55	436	599	170	34
Trichormus	137	34	80	182	27	16
Halotia	135	3	33	20	4	6
Richelia	145	5	9	18	6	3
Cylindrospermum	114	4	26	18	10	3
Dolichospermum	237	13	45	31	8	5
Nodularia	197	13	33	26	11	6
Sphaerospermopsis	165	11	24	75	7	3
Cylindrospermopsis	164	3	15	55	7	2
Okeanomitos	140	8	28	22	5	1
Anabaenopsis	63	3	11	17	7	3
Calothrix	529	25	111	77	11	12
Fischerella	332	14	64	56	24	8
Tolypothrix	262	16	49	69	20	8
Rivularia	199	12	33	38	10	6
Brasilonema	130	4	97	32	9	2
Geminocystis	493	21	66	118	21	19
Cyanobacterium	462	35	68	98	20	11
Picosynechococcus	400	18	61	69	19	8
Gloeothece	355	9	41	48	10	5
Rippkaea	142	13	21	31	3	4
Crocosphaera	116	7	25	34	11	8
Candidatus	151	7	12	21	2	1
Microcystis	588	33	103	80	34	16
Gloeocapsopsis	114	2	30	87	4	3
Gloeocapsa	156	2	34	21	4	4
Halothece	135	2	13	49	3	5
Euhalothece	95	2	39	18	5	0
Planktothrix	548	22	70	82	31	11
Planktothricoides	251	6	50	27	11	4
Oxynema	237	9	20	19	10	3
Trichodesmium	215	12	16	35	4	11
Oscillatoria	464	14	71	55	24	12
Moorena	392	27	56	52	19	7
Phormidium	215	0	16	17	7	1
Lyngbya	2	0	2	1	0	0
Koinonema	189	11	44	17	8	2
Limnospira	166	8	20	24	6	11
Leptolyngbya	1018	33	187	107	41	22
Kovacikia	218	10	22	51	6	11
Leptodesmis	201	9	12	26	6	1
Leptothermofonsia	154	9	40	23	16	6
Trichocoleus	94	5	23	23	8	6
Trichothermofontia	102	4	13	18	5	2
Chroococcidiopsis	886	21	190	252	32	11
Thermosynechococcus	498	18	154	101	36	10
Acaryochloris	348	12	49	40	18	7
Gloeobacter	643	25	100	77	38	19
Anthocerotibacter	228	6	44	21	5	7
Pseudanabaena	581	44	114	82	29	21
Pleurocapsa	262	8	39	64	13	10
Stanieria	152	8	37	29	8	4
Nodosilinea	202	17	33	32	13	8
Halomicronema	161	6	41	20	7	4
Chamaesiphon	228	4	17	15	4	7
Crinalium	154	7	40	14	2	4
Thermoleptolyngbya	140	7	17	18	4	3
Thermocoleostomius	130	5	21	9	3	5
Geitlerinema	221	11	27	20	24	0
Allocoleopsis	180	5	24	22	3	6
Gloeomargarita	146	6	17	13	3	0
Thermostichus	110	4	31	13	1	1
Dehalococcoides	7491	208	816	360	26	24
Dehalogenimonas	1093	28	117	60	20	8
Candidatus	126	9	13	17	3	0
Pelolinea	611	50	158	48	12	6
Anaerolinea	568	52	148	30	14	11
Brevefilum	321	20	72	42	10	2
Thermanaerothrix	1	0	0	0	0	0
Roseiflexus	717	34	113	110	20	23
Chloroflexus	427	12	69	30	14	12
Candidatus	279	8	32	32	2	6
Candidatus	726	30	107	46	20	14
Tepidiforma	628	31	99	53	22	19
Caldilinea	497	24	86	38	13	11
Thermoflexus	433	18	68	31	9	3
Ktedonosporobacter	253	9	60	28	8	6
Phototrophicus	180	8	31	22	5	7
Thermobaculum	150	6	27	13	6	2
Spiroplasma	2609	114	475	752	132	104
Mesoplasma	256	18	58	97	11	11
Entomoplasma	28	0	4	4	4	2
Williamsoniiplasma	110	2	21	20	9	3
Mycoplasma	1905	80	355	589	107	60
Candidatus	29	3	7	39	2	2
Candidatus	538	20	53	134	26	20
Acholeplasma	328	15	45	131	13	9
Mariniplasma	133	2	23	132	8	10
Haploplasma	118	5	22	71	3	4
Alteracholeplasma	107	5	16	44	4	3
Paracholeplasma	104	0	14	52	5	2
Mycoplasmopsis	1554	67	276	515	98	61
Metamycoplasma	667	22	111	187	36	36
Mesomycoplasma	619	26	103	210	25	27
Ureaplasma	170	6	28	73	9	7
Malacoplasma	193	6	18	35	11	5
Mycoplasmoides	145	8	8	42	12	4
Hujiaoplasma	118	9	33	52	5	4
Candidatus	125	8	6	32	5	3
Deinococcus	7013	309	1348	872	649	291
Thermus	1592	51	320	121	59	27
Allomeiothermus	200	9	50	15	500	3
Meiothermus	426	9	93	51	46	12
Oceanithermus	344	12	66	18	19	8
Marinithermus	167	18	34	15	5	3
Truepera	349	7	79	20	15	16
Capsulimonas	654	27	84	41	27	6
Fimbriimonas	442	15	36	17	18	4
Chthonomonas	205	3	28	17	4	2
Sphaerobacter	420	20	65	33	22	10
Thermomicrobium	214	5	30	17	16	3
Vulcanimicrobium	389	15	55	31	18	6
Sulfurospirillum	2079075	34889	12507	3091	798	405
Aliarcobacter	175169	13173	563781	433156	239154	67590
Arcobacter	50443	44767	17009	11017	6597	2207
Malaciobacter	3079	1063	1260	1581	694	259
Halarcobacter	2048	816	681	944	267	83
Poseidonibacter	531	206	194	243	80	26
Sulfuricurvum	10804	688	215	75	43	11
Sulfurimonas	8569	421	852	1212	356	165
Campylobacter	9704	398	1490	2799	442	371
Helicobacter	2816	288	947	1549	396	192
Wolinella	399	1	28	56	28	3
Hydrogenimonas	1357	50	155	146	38	22
Sulfurovum	954	23	112	83	33	10
Nitratifractor	183	10	33	70	5	3
Nitratiruptor	685	27	98	96	16	12
Nitrosophilus	530	32	92	61	10	8
Caminibacter	389	14	63	52	13	10
Nautilia	295	11	38	34	3	6
Hippea	107	7	16	42	3	1
Bacteroides	140882	27077	55128	316790	133614	73694
Phocaeicola	30849	5873	2946	86431	42404	47636
Segatella	53977	30406	13180	333473	3477	215371
Prevotella	28479	1258	36683	19795	1594	1870
Paraprevotella	1724	447	141	1602	1187	3013
Hoylesella	1423	88	154	1517	48	158
Xylanibacter	1135	84	107	1156	22	101
Pseudoprevotella	712	38	71	617	9	46
Parabacteroides	32857	3046	1908	64625	11000	16713
Tannerella	1888	83	112	631	55	82
Alistipes	29199	6175	1423	50516	13364	15204
Acetobacteroides	6413	122	952	280	32	25
Petrimonas	8513	202	10520	3645	795	371
Proteiniphilum	3857	186	806	1056	234	52
Dysgonomonas	3476	289	288	791	314	83
Odoribacter	3765	1393	124	9495	1864	2757
Butyricimonas	4053	549	536	7562	804	1432
Macellibacteroides	5879	232	902	7234	304	140
Porphyromonas	6365	257	1431	2015	245	239
Muribaculum	4363	251	123	1561	51	175
Duncaniella	1373	85	48	1279	75	104
Sodaliphilus	763	51	71	1184	39	80
Paramuribaculum	624	50	48	702	30	68
Coprobacter	2227	152	159	930	996	518
Barnesiella	1761	133	99	1653	257	497
Paludibacter	6620	346	64	1221	262	162
Tenuifilum	2222	85	67	104	24	10
Salinivirga	1268	34	37	123	14	9
Candidatus	489	25	31	59	7	4
Aquipluma	68751	3573	116	254	57	44
Draconibacterium	31198	1576	526	1686	342	225
Mangrovibacterium	5015	186	74	183	28	24
Maribellus	3278	160	71	217	32	28
Sunxiuqinia	2375	121	52	113	18	14
Carboxylicivirga	3783	189	142	458	57	39
Xiashengella	2279	91	151	306	30	19
Alkalitalea	1814	93	58	190	42	19
Marinifilum	3743	144	154	341	59	36
Labilibaculum	3604	151	141	333	65	62
Flavobacterium	49181	2096	5028	9325	39911	20462
Polaribacter	7556	294	763	1053	712	385
Capnocytophaga	4823	238	288	658	227	144
Tenacibaculum	4259	186	485	590	372	174
Myroides	2169	100	1293	460	384	162
Maribacter	2501	119	198	326	132	94
Christiangramia	2469	114	167	278	116	61
Winogradskyella	2257	97	166	337	209	102
Flagellimonas	2262	93	127	273	98	73
Nonlabens	2027	69	146	296	127	97
Cellulophaga	1877	66	183	275	146	79
Aquimarina	1837	72	150	231	137	67
Formosa	1614	72	114	189	99	56
Aequorivita	1318	37	91	168	79	37
Lutibacter	1245	42	101	159	82	45
Lacinutrix	1107	45	125	193	107	59
Mariniflexile	1104	52	92	163	105	59
Zunongwangia	1069	48	89	115	78	37
Antarcticibacterium	1053	35	84	115	50	27
Amniculibacterium	411	27	104	127	460	95
Salegentibacter	878	40	92	105	67	21
Algibacter	787	36	56	112	67	41
Allomuricauda	888	39	56	74	26	16
Zobellia	777	31	65	113	31	27
Salinimicrobium	699	41	30	123	27	19
Dokdonia	671	43	68	90	33	12
Kordia	643	23	59	90	63	34
Lutimonas	807	13	26	49	7	2
Seonamhaeicola	586	23	45	84	71	28
Flavivirga	586	26	64	68	44	32
Oceanihabitans	638	23	28	42	39	26
Arenibacter	583	30	50	96	27	8
Tamlana	575	12	27	70	49	24
Psychroflexus	557	17	56	65	29	20
Mangrovimonas	551	20	26	57	48	21
Aestuariibaculum	495	16	33	87	44	16
Paenimyroides	295	17	24	59	172	81
Olleya	393	21	79	55	51	27
Aureibaculum	426	22	27	67	28	19
Mesoflavibacter	402	29	34	37	54	23
Abyssalbus	438	16	39	36	23	11
Sinomicrobium	407	19	29	63	17	17
Leeuwenhoekiella	408	24	14	47	22	19
Psychroserpens	333	11	45	48	32	31
Urechidicola	338	11	47	51	24	12
Imtechella	336	12	14	52	24	13
Muriicola	363	23	11	30	13	6
Croceibacter	299	10	27	48	32	10
Siansivirga	316	9	21	38	26	9
Changchengzhania	295	18	18	41	23	13
Hwangdonia	301	16	16	42	18	15
Robiginitalea	319	8	18	43	10	6
Wenyingzhuangia	289	6	25	55	20	7
Zhouia	312	11	20	32	15	12
Pseudalgibacter	283	15	27	26	23	12
Constantimarinum	281	16	25	34	11	5
Pontimicrobium	278	11	13	29	23	10
Galbibacter	275	13	12	40	16	7
Marixanthomonas	242	13	36	35	21	10
Aggregatimonas	280	7	19	32	15	4
Flaviramulus	231	18	19	57	12	12
Candidatus	264	11	9	43	6	7
Costertonia	253	11	8	43	6	5
Aegicerativicinus	236	6	24	34	9	13
Sediminicola	232	17	26	23	11	10
Euzebyella	223	13	18	46	13	5
Gillisia	203	11	8	45	18	15
Pukyongia	222	18	15	32	4	3
Gilvibacter	207	4	23	29	9	5
Bizionia	189	7	11	29	18	7
Rasiella	157	6	19	27	17	7
Chryseobacterium	20951	931	4830	5252	13136	3206
Epilithonimonas	1178	13	424	350	15965	977
Kaistella	2611	112	500	568	3603	1517
Cloacibacterium	10979	215	20746	5678	19321	7133
Empedobacter	3068	75	456	3118	339	195
Elizabethkingia	2735	111	1219	970	947	333
Riemerella	1071	44	203	265	341	93
Ornithobacterium	878	42	82	151	60	30
Apibacter	822	44	72	116	52	32
Faecalibacter	562	25	53	268	114	53
Bergeyella	422	21	54	112	192	44
Cruoricaptor	274	16	39	62	87	23
Weeksella	254	8	57	87	47	15
Marnyiella	217	9	19	44	54	16
Blattabacterium	2979	112	279	377	103	71
Fluviicola	491	18	29	80	122	133
Paracrocinitomix	414	30	22	45	23	10
Owenweeksia	370	10	22	44	10	7
Croceimicrobium	273	14	29	36	11	3
Candidatus	370	20	45	26	6	8
Candidatus	110	3	24	15	3	2
Parvicella	349	10	21	43	18	8
Sanyastnella	358	18	15	38	12	5
Ichthyobacterium	255	4	13	20	9	7
Hymenobacter	9149	471	1142	1532	596	334
Pontibacter	2774	154	224	455	105	69
Adhaeribacter	1271	49	65	99	37	16
Rufibacter	690	36	74	132	39	30
Nibribacter	299	20	23	57	17	12
Dyadobacter	3382	156	242	446	251	136
Runella	1923	66	81	199	100	2004
Tellurirhabdus	903	52	62	113	35	14
Larkinella	709	22	61	46	13	15
Fibrella	339	22	34	64	14	11
Fibrisoma	3	0	0	0	0	0
Spirosoma	5227	310	333	602	197	152
Cytophaga	509	24	29	52	36	106
Rhodocytophaga	544	48	33	60	24	16
Echinicola	2058	74	162	251	82	52
Algoriphagus	1916	72	122	234	79	68
Cyclobacterium	708	28	56	98	28	17
Belliella	527	25	27	59	38	28
Aquiflexum	487	37	23	41	19	17
Mongoliitalea	386	14	13	52	19	15
Flammeovirga	1529	73	153	226	63	55
Chondrinema	601	27	42	95	35	23
Imperialibacter	543	33	32	41	13	13
Fulvivirga	1722	47	125	190	62	40
Chryseolinea	750	40	36	69	24	21
Emticicia	960	34	60	129	65	40
Leadbetterella	430	11	21	57	56	34
Arcticibacterium	406	20	25	40	15	13
Marinilongibacter	368	11	22	33	12	8
Marivirga	1479	48	81	192	79	40
Bernardetia	1149	61	93	190	57	66
Fulvitalea	438	22	23	65	16	7
Aureibacter	371	16	27	45	9	5
Persicobacter	295	16	31	52	13	8
Catalinimonas	465	8	31	61	16	8
Porifericola	350	13	20	42	3	10
Tunicatimonas	309	10	9	40	18	8
Aquirufa	632	27	62	86	40	18
Reichenbachiella	546	24	30	103	19	13
Candidatus	345	22	37	61	11	7
Candidatus	105	3	5	12	6	4
Mangrovivirga	435	17	29	30	11	5
Roseivirga	334	15	21	34	15	8
Microscilla	0	1	1	0	0	0
Mucilaginibacter	11761	516	761	1279	648	373
Sphingobacterium	9524	407	785	1685	1803	776
Pedobacter	8953	424	544	1019	1937	792
Solitalea	1117	54	58	87	49	44
Olivibacter	779	31	32	92	51	32
Pseudopedobacter	486	12	37	94	67	33
Anseongella	507	22	17	48	14	7
Aurantibacillus	446	15	15	57	40	68
Chitinophaga	8376	346	461	971	362	279
Phnomibacter	469	18	34	103	3352	80
Sediminibacterium	1425	37	110	88	816	156
Arachidicoccus	1472	45	108	181	125	82
Niabella	1299	58	76	143	126	124
Paraflavitalea	958	47	83	97	42	31
Pseudobacter	850	17	41	82	24	30
Ferruginibacter	792	32	35	69	52	42
Flavihumibacter	778	37	51	63	45	40
Flavisolibacter	732	44	74	74	41	32
Niastella	676	28	25	73	39	26
Pseudocnuella	468	22	29	88	34	24
Lacibacter	506	13	29	57	37	23
Panacibacter	479	15	28	46	53	31
Filimonas	410	17	43	60	34	31
Rhizosphaericola	333	13	35	52	20	11
Thermoflavifilum	343	11	14	39	15	8
Aureispira	621	41	54	95	24	9
Saprospira	419	20	34	57	19	8
Haliscomenobacter	594	28	27	74	100	137
Lewinella	276	13	28	31	7	10
Candidatus	1187	57	57	102	22	17
Chlorobaculum	1915	76	160	149	42	28
Chlorobium	802	51	78	82	19	10
Pelodictyon	595	35	67	55	14	3
Prosthecochloris	1418	53	161	117	22	19
Chloroherpeton	318	11	36	27	7	5
Rhodothermus	703	40	150	55	30	19
Rhodocaloribacter	609	17	60	34	33	10
Salinibacter	431	29	54	36	18	16
Ignavibacterium	870	23	75	76	28	5
Melioribacter	587	10	27	42	6	8
Cyclonatronum	371	19	27	29	10	5
Gemmatimonas	841	54	162	133	108	52
Gemmatirosa	923	28	101	53	34	15
Pseudogemmatithrix	403	15	62	25	13	13
Candidatus	1757	18	490	46	9	5
Fibrobacter	320	13	34	99	10	14
Desulfovibrio	800778	1946	40243	11187	3443	1605
Solidesulfovibrio	16400	12482	10198	237	604	65
Pseudodesulfovibrio	19609	618	3049	762	255	174
Nitratidesulfovibrio	9477	255	1073	416	1165	236
Desulfolutivibrio	6400	225	1872	141	80	27
Oleidesulfovibrio	3579	39	231	97	24	14
Maridesulfovibrio	2553	92	322	241	45	54
Oceanidesulfovibrio	1515	69	325	60	15	12
Salidesulfovibrio	1452	47	262	70	17	13
Mailhella	1178	48	282	275	28	21
Desulfocurvibacter	1316	61	312	35	20	9
Megalodesulfovibrio	1234	77	302	42	30	3
Taurinivorans	251	8	48	53	8	5
Desulfobaculum	236	4	43	33	6	8
Lawsonia	118	3	40	17	9	3
Desulfomicrobium	2934	101	1830	210	90	85
Thermodesulfomicrobium	634	27	154	32	20	10
Desulfohalobium	417	14	61	23	8	5
Trichlorobacter	42403	595	2260	298	167	86
Geobacter	11694	406	969	511	123	63
Geomonas	5304	151	533	190	96	43
Geotalea	4188	143	286	136	43	29
Citrifermentans	1813	64	151	74	34	8
Desulfuromonas	5829	233	687	423	203	67
Pelobacter	5187	71	143	93	18	16
Geoalkalibacter	2737	68	214	102	53	19
Syntrophotalea	2172	66	126	105	39	23
Desulfuromusa	350	16	37	19	2	3
Desulfobulbus	17702	2627	2429	768	701	268
Desulfolithobacter	670	45	123	39	12	13
Desulfurivibrio	517	38	99	21	22	9
Desulfogranum	347	26	54	22	19	0
Candidatus	348	24	31	29	5	7
Desulfomarina	280	25	36	45	9	3
Desulfofustis	637	56	115	38	39	13
Desulfosediminicola	682	37	79	70	16	8
Desulfopila	355	23	47	26	3	5
Desulfotalea	268	18	46	27	3	3
Desulfocapsa	225	14	31	23	1	4
Desulfosarcina	6581	191	717	268	97	44
Desulfobacter	3622	134	418	311	60	44
Desulforapulum	531	15	58	64	7	6
Desulfobacula	358	10	34	25	9	1
Desulfococcus	1959	16	113	38	26	9
Desulfonema	1207	45	164	124	18	30
Desulfoluna	1023	36	124	53	38	10
Desulfatibacillum	976	29	140	42	18	4
Desulfosudis	955	30	90	32	15	6
Desulfarculus	3844	52	276	55	30	13
Desulfoferula	2930	52	198	39	24	8
Syntrophobacter	2229	43	241	44	11	8
Desulfoglaeba	1645	27	195	23	8	2
Syntrophus	2663	107	106	34	11	4
Thermodesulfobacterium	363	14	63	33	8	6
Thermosulfurimonas	282	9	34	17	6	2
Thermosulfuriphilus	210	3	26	6	4	2
Caldimicrobium	172	6	22	10	3	0
Thermodesulfatator	149	5	22	20	7	2
Desulfomonile	532	12	123	18	85	5
Desulfobacca	447	10	44	30	3	6
Candidatus	177	6	20	24	5	4
Akkermansia	22563	334	23619	12077	1186	1755
Luteolibacter	3166	415	390	194	114	85
Verrucomicrobium	1338	85	165	72	49	45
Roseimicrobium	606	46	65	22	23	30
Haloferula	485	63	51	27	27	10
Sulfuriroseicoccus	265	28	37	14	7	3
Fontisphaera	1306	117	122	35	8	5
Opitutus	2027	936	163	113	100	128
Termitidicoccus	1326	508	87	94	79	38
Lacunisphaera	978	434	86	59	58	56
Nibricoccus	664	702	75	65	45	54
Actomonas	841	389	62	59	41	22
Ereboglobus	825	281	76	72	62	32
Horticoccus	505	250	66	48	37	24
Synoicihabitans	590	211	38	28	44	19
Ruficoccus	555	74	51	33	13	5
Rubellicoccus	200	11	15	12	9	1
Coraliomargarita	450	49	36	41	13	8
Candidatus	210	11	5	4	0	1
Methylacidimicrobium	4045	18	103	32	12	6
Methylacidiphilum	492	9	79	48	10	11
Candidatus	110	2	19	7	1	2
Stieleria	1089	105	306	70	31	23
Bremerella	938	52	104	64	18	20
Rosistilla	835	35	149	63	23	17
Pirellula	646	24	84	29	34	35
Lignipirellula	650	16	90	30	15	17
Roseimaritima	597	17	76	54	17	7
Anatilimnocola	596	20	74	28	35	6
Rhodopirellula	350	15	45	67	9	3
Blastopirellula	329	23	31	13	3	3
Rubripirellula	299	12	36	21	14	10
Mariniblastus	275	7	42	35	4	6
Aureliella	212	19	26	11	5	3
Lacipirellula	2601	40	190	41	45	41
Pirellulimonas	875	34	132	43	29	14
Botrimarina	950	31	69	27	25	18
Aeoliella	446	11	58	23	10	5
Adhaeretor	338	12	40	19	5	5
Bythopirellula	255	7	28	20	3	3
Thermogutta	479	13	55	26	5	2
Planctomyces	4919	71	209	70	64	35
Gimesia	2510	114	271	254	69	51
Caulifigura	891	22	58	42	13	15
Planctellipticum	725	28	95	42	23	11
Maioricimonas	611	26	59	35	12	11
Alienimonas	482	26	55	21	21	9
Planctopirus	423	24	42	41	14	9
Crateriforma	436	10	33	28	13	2
Symmachiella	355	17	58	34	17	7
Calycomorphotria	395	9	27	15	8	1
Rubinisphaera	328	17	43	28	5	2
Fuerstiella	297	9	31	16	9	5
Stratiformator	241	7	36	10	5	4
Polystyrenella	173	5	24	8	7	5
Thalassoglobus	156	7	6	18	6	4
Aquisphaera	1717	61	211	44	54	28
Tautonia	1159	31	185	28	82	24
Paludisphaera	1185	25	169	41	40	25
Singulisphaera	673	19	72	28	34	5
Isosphaera	398	13	71	15	11	9
Gemmata	1614	70	206	79	51	56
Urbifossiella	978	26	109	41	40	44
Limnoglobus	770	31	87	38	29	26
Frigoriglobus	738	35	112	27	32	12
Tuwongella	341	11	52	15	12	9
Telmatocola	259	16	33	27	6	10
Phycisphaera	447	13	83	40	22	13
Mucisphaera	356	24	36	38	14	13
Poriferisphaera	176	10	15	14	6	1
Sedimentisphaera	447	15	53	40	7	12
Limihaloglobus	244	11	24	27	3	0
Anaerohalosphaera	252	18	41	19	3	7
Humisphaera	646	47	67	44	20	9
Candidatus	480	10	32	34	4	8
Candidatus	268	8	14	32	5	5
Candidatus	376	16	482	22	130	26
Parachlamydia	186	9	38	20	18	23
Neochlamydia	129	4	18	6	6	9
Simkania	173	12	16	2	3	1
Candidatus	55	1	24	3	1	1
Candidatus	160	11	12	16	5	10
Waddlia	127	1	11	14	4	3
Criblamydia	19	1	2	1	4	11
Chlamydia	590	19	59	103	29	13
Chlamydiifrater	50	2	5	13	2	1
Candidatus	1	0	0	0	0	0
Kiritimatiella	1875	61	88	62	10	6
Tichowtungia	894	38	70	57	8	9
Candidatus	1610	108	53	32	5	1
Lentisphaera	152	19	17	29	5	4
Geothrix	36899	319	1547	201	120	83
Mesoterricola	32500	160	977	87	53	24
Holophaga	7684	58	390	46	19	11
Sulfidibacter	598	20	63	49	37	10
Thermotomaculum	177	4	16	23	5	6
Granulicella	1387	53	155	125	44	24
Edaphobacter	1151	51	132	107	27	18
Terriglobus	1023	41	135	88	50	21
Tunturibacter	615	31	58	58	17	13
Occallatibacter	530	20	30	34	12	10
Acidobacterium	383	9	37	13	7	8
Acidisarcina	335	12	27	31	15	7
Alloacidobacterium	306	23	48	18	9	7
Telmatobacter	277	13	29	13	6	7
Candidatus	430	22	52	18	17	8
Paludibaculum	2867	192	181	88	58	77
Luteitalea	1989	95	254	101	71	43
Chloracidobacterium	911	35	162	58	53	14
Treponema	14228	443	954	54209	228	296
Brucepastera	396	58	48	49	4	6
Marispirochaeta	1159	57	145	104	18	19
Spirochaeta	926	72	133	53	13	13
Entomospira	226	155	19	50	8	5
Sediminispirochaeta	303	14	39	32	5	6
Salinispira	274	8	39	23	2	4
Oceanispirochaeta	214	8	17	42	5	8
Thiospirochaeta	172	5	15	28	5	3
Candidatus	110	6	31	36	12	5
Sphaerochaeta	2676	113	425	612	56	75
Parasphaerochaeta	250	17	37	30	7	8
Gracilinema	742	140	149	89	7	2
Leadbettera	505	50	108	53	6	7
Breznakiella	469	67	125	42	9	16
Borreliella	577	46	156	420	90	20
Borrelia	679	54	121	194	35	22
Leptospira	2913	240	397	435	162	168
Turneriella	261	4	17	27	24	142
Brachyspira	1136	40	198	972	81	35
Thermospira	117	1	20	15	8	0
Aminomonas	13397	306	9608	122	9	6
Cloacibacillus	7580	410	3837	376	25	26
Thermanaerovibrio	1716	77	880	44	10	7
Aminobacterium	730	31	4509	36	10	0
Fretibacterium	848	36	441	109	11	15
Pyramidobacter	2020	63	802	245	31	44
Jonquetella	466	32	232	43	2	2
Dethiosulfovibrio	513	10	212	20	5	4
Aminithiophilus	1610	49	953	63	18	5
Acetomicrobium	311	16	153	33	2	8
Corallococcus	3781	68	366	128	171	101
Myxococcus	2952	130	458	214	246	170
Pyxidicoccus	780	27	125	56	49	29
Anaeromyxobacter	5479	186	544	200	182	114
Archangium	1547	72	343	123	158	81
Cystobacter	592	13	108	48	34	25
Stigmatella	527	19	87	42	31	26
Melittangium	472	23	62	20	39	29
Vulgatibacter	618	13	57	23	18	11
Sorangium	4404	135	437	206	240	148
Polyangium	1828	32	116	57	53	39
Chondromyces	1265	24	93	43	39	26
Pajaroellobacter	74	4	6	7	3	1
Sandaracinus	1522	39	134	65	108	98
Labilithrix	883	34	78	46	45	61
Nannocystis	1095	36	160	70	100	120
Haliangium	847	29	113	70	44	49
Fusobacterium	4047	177	1777	1504	371	222
Ilyobacter	717	36	135	248	38	28
Cetobacterium	371	12	50	130	12	17
Leptotrichia	1400	96	291	548	117	86
Sebaldella	518	8	36	456	41	31
Pseudoleptotrichia	93	5	31	45	19	6
Streptobacillus	84	9	37	48	12	6
Sneathia	62	6	10	59	17	2
Haliovirga	286	29	54	81	21	4
Bdellovibrio	1305	55	319	233	2480	1044
Micavibrio	3020	6	55	47	157	70
Pseudobdellovibrio	84	10	17	7	239	80
Bacteriovorax	384	9	62	60	677	561
Peredibacter	134	2	14	39	223	33
Halobacteriovorax	274	6	51	67	57	27
Fluviispira	161	3	26	29	13	8
Pigmentibacter	166	7	28	18	5	3
Silvanigrella	108	6	17	17	11	5
Spirobacillus	103	5	13	29	5	3
Candidatus	1012	13	45	611	680	170
Candidatus	773	6	14	236	283	93
Candidatus	502	2	37	303	409	118
Candidatus	86	3	1	71	32	11
Candidatus	220	1	20	16	3	4
Candidatus	155	3	13	7	14	16
Candidatus	267	6	40	1	4	2
Candidatus	136	5	19	8	3	1
Candidatus	135	3	8	11	4	2
Candidatus	98	3	20	9	3	0
Thermotoga	660	24	105	67	8	16
Pseudothermotoga	387	8	35	44	6	6
Thermosipho	539	25	85	69	16	19
Fervidobacterium	383	24	88	54	2	10
Marinitoga	385	20	137	58	11	8
Tepiditoga	292	5	87	50	7	5
Oceanotoga	201	9	78	39	8	4
Defluviitoga	111	2	65	31	3	3
Petrotoga	97	3	48	16	7	2
Mesotoga	436	12	42	38	2	1
Kosmotoga	280	11	39	36	1	4
Athalassotoga	104	10	30	14	3	0
Nitrospira	2448	76	322	166	97	33
Leptospirillum	406	19	58	31	12	11
Thermodesulfovibrio	575	18	63	88	8	10
Dissulfurispira	211	7	15	19	1	1
Denitrovibrio	394	6	36	28	3	9
Geovibrio	389	8	28	35	8	6
Deferribacter	226	10	36	19	6	4
Flexistipes	191	2	32	45	4	4
Calditerrivibrio	147	7	33	33	10	4
Mucispirillum	153	4	28	39	3	4
Persicimonas	495	26	60	41	26	11
Bradymonas	389	8	37	21	14	6
Microvenator	107	6	21	16	11	9
Dissulfurimicrobium	540	5	31	23	5	5
Hydrogenobacter	227	6	22	28	1	4
Thermocrinis	143	2	10	21	6	1
Hydrogenobaculum	109	3	31	17	1	4
Aquifex	63	4	5	10	2	4
Sulfurihydrogenibium	233	13	36	28	8	10
Persephonella	128	4	16	15	4	9
Thermovibrio	167	6	16	10	4	0
Desulfurobacterium	116	6	15	26	2	2
Desulfurispirillum	906	19	73	65	19	5
Endomicrobium	320	16	25	18	3	4
Candidatus	157	3	19	11	1	3
Elusimicrobium	268	30	15	102	9	10
Caldithrix	477	17	46	24	4	1
Nitrospina	358	27	51	29	10	12
Atribacter	176	10	27	19	4	4
Thermatribacter	139	9	23	15	1	3
Dictyoglomus	205	11	60	47	9	5
Thermodesulfobium	249	12	25	36	8	6
Caldisericum	166	2	26	12	2	2
Thermosulfidibacter	107	8	9	18	0	0
Coprothermobacter	72	4	8	4	6	2
Methanospirillum	155347	213	16511	971	22	8
Methanoregula	95007	753	3616	157	214	16
Methanosphaerula	3039	18	95	10	3	0
Methanoculleus	5209	91	919	36	10	3
Methanofollis	3760	49	346	23	10	3
Methanogenium	1153	14	118	16	2	2
Methanoplanus	1059	12	107	34	4	4
Methanolacinia	522	6	60	10	2	1
Methanomicrobium	256	4	16	8	0	2
Methanocorpusculum	576	14	49	25	3	2
Methanosarcina	197306	102	26871	593	45	34
Methanomethylovorans	2484	773	124	67	12	4
Methanolobus	1313	53	218	81	20	17
Methanococcoides	411	10	90	41	3	6
Methanohalophilus	281	6	40	14	7	2
Methanolapillus	268	3	32	26	3	3
Methanohalobium	295	1	20	11	1	2
Methanimicrococcus	185	7	36	35	1	4
Methanosalsum	174	4	22	10	1	1
Methanothrix	40521	428	44975	557	102	3
Methanocella	1079	18	212	19	8	2
Haloarcula	1074	38	154	98	83	39
Natronomonas	510	17	90	26	45	13
Halosimplex	484	24	61	37	32	17
Halomicrobium	438	19	65	28	34	11
Haloglomus	314	12	55	19	39	7
Halorhabdus	295	14	40	23	16	8
Halomarina	270	17	42	17	27	19
Halapricum	287	10	39	27	11	5
Salinirubellus	281	8	26	14	22	12
Halorientalis	259	6	39	16	23	6
Halorarius	237	3	48	28	15	4
Salinibaculum	265	10	21	15	7	9
Halosegnis	136	9	13	4	6	3
Halocatena	74	3	5	4	9	4
Halococcoides	75	1	13	5	3	1
Halovenus	52	4	16	4	2	3
Halobaculum	887	44	145	64	99	30
Halorubrum	773	25	117	48	58	27
Haloplanus	548	31	56	48	17	19
Haloferax	458	11	67	25	21	11
Haloprofundus	290	12	56	30	21	7
Salinigranum	257	7	43	16	20	5
Halobellus	234	14	37	18	14	11
Halorarum	155	11	31	16	17	9
Halalkaliarchaeum	139	5	14	7	3	4
Halolamina	108	1	36	12	8	5
Halopenitus	85	2	20	8	7	6
Halohasta	35	2	22	6	0	1
Halogeometricum	52	0	5	5	3	1
Haloquadratum	45	1	14	1	1	2
Natrinema	992	41	145	70	69	26
Natronosalvus	337	12	54	28	12	12
Haloterrigena	317	13	52	28	27	11
Halovivax	346	6	43	14	17	6
Natronococcus	301	11	43	19	20	7
Natrarchaeobaculum	196	8	46	16	9	3
Natronorubrum	170	6	42	20	12	9
Halosolutus	169	2	20	19	9	4
Halomontanus	163	8	17	9	12	4
Salinilacihabitans	117	2	17	5	9	5
Halopiger	102	9	15	12	10	1
Natrononativus	116	4	7	7	3	3
Natribaculum	99	6	17	7	4	2
Natronobeatus	100	6	16	5	5	2
Natrialba	79	5	8	11	6	3
Halobiforma	86	2	7	1	5	4
Natronobacterium	53	4	12	8	2	1
Halostagnicola	60	1	4	5	2	1
Halorussus	957	24	158	54	43	24
Haladaptatus	432	15	77	37	13	15
Halomicrococcus	105	2	23	6	12	6
Halobacterium	540	26	69	37	38	14
Salarchaeum	188	2	28	9	12	8
Halanaeroarchaeum	135	0	21	13	7	3
Halarchaeum	80	6	9	10	4	5
Halodesulfurarchaeum	79	3	13	3	7	1
Halospeciosus	75	2	13	6	6	0
Actinarchaeum	55	0	3	2	1	1
Halalkalicoccus	302	5	34	18	27	7
Halococcus	212	6	30	10	3	8
Salinarchaeum	181	11	17	18	17	10
Natranaeroarchaeum	70	0	11	2	1	0
Methanobacterium	77705	270	19537	209	43	30
Methanobrevibacter	36340	118	7298	17480	298	248
Methanosphaera	5648	22	957	3103	14	8
Methanothermobacter	1469	16	255	17	2	5
Methanococcus	752	18	148	66	15	10
Methanothermococcus	257	10	68	17	3	2
Methanocaldococcus	677	15	140	58	9	7
Methanotorris	57	3	7	20	0	1
Methanofervidicoccus	48	1	15	2	0	0
Methanopyrus	64	3	17	5	0	0
Thermococcus	1423	44	318	124	29	23
Pyrococcus	197	7	65	27	6	0
Palaeococcus	15	0	6	1	0	2
Archaeoglobus	312	6	16	16	2	4
Geoglobus	183	5	40	12	2	1
Ferroglobus	26	0	11	2	0	0
Methanonatronarchaeum	74	1	28	5	0	2
Candidatus	71	3	9	4	0	2
Sulfolobus	339	801	1294	3248	869	499
Acidianus	247	15	26	58	14	14
Saccharolobus	147	1	22	16	5	2
Sulfurisphaera	106	12	15	13	4	1
Metallosphaera	63	5	9	15	0	0
Stygiolobus	45	1	9	4	3	1
Sulfuracidifex	21	0	8	2	0	0
Sulfodiicoccus	15	0	2	1	0	2
Thermosphaera	59	1	14	0	0	1
Staphylothermus	47	2	14	3	8	0
Aeropyrum	37	0	5	5	1	0
Desulfurococcus	25	0	2	2	1	1
Ignicoccus	22	0	2	1	3	2
Thermogladius	5	0	1	1	0	1
Pyrodictium	50	3	11	4	2	0
Pyrolobus	58	1	1	2	0	0
Pyrofollis	14	0	0	3	0	0
Hyperthermus	15	0	0	1	0	0
Pyrobaculum	133	6	19	20	5	7
Thermoproteus	47	2	4	4	2	1
Vulcanisaeta	40	2	6	7	1	2
Caldivirga	9	1	1	2	0	0
Thermofilum	43	5	15	6	3	2
Infirmifilum	25	2	6	5	0	0
Caldisphaera	41	2	7	7	1	0
Acidilobus	39	0	2	1	2	0
Fervidicoccus	23	1	3	1	1	0
Nitrosopumilus	491	20	70	66	24	10
Nitrosarchaeum	34	3	8	7	8	1
Candidatus	17	2	16	3	2	0
Candidatus	253	7	53	20	4	5
Nitrososphaera	131	4	28	8	3	4
Candidatus	18	1	7	0	1	0
Candidatus	126	6	148	13	28	2
Candidatus	23	1	7	8	0	0
Candidatus	20	4	2	5	0	1
Conexivisphaera	17	1	12	2	2	1
Candidatus	13	1	1	3	0	0
Methanomethylophilus	241	37	10	60	3	2
Candidatus	134	30	7	13	1	0
Methanomassiliicoccus	88	7	1	12	6	7
Ferroplasma	73	4	12	9	2	2
Acidiplasma	40	2	3	5	0	0
Thermoplasma	56	1	5	2	1	0
Cuniculiplasma	21	3	6	11	1	0
Picrophilus	26	1	2	4	0	0
Candidatus	64	6	11	16	5	1
Candidatus	129	11	20	17	7	5
Candidatus	108	10	19	12	3	1
Candidatus	33	0	3	1	1	1
Candidatus	11	1	0	0	0	0
Candidatus	18	0	0	3	0	1
Candidatus	39	0	5	4	0	0
Candidatus	4	0	1	0	1	0
Nanobdella	14	0	2	6	3	2
Homo	109055	65796	192637	148665	169904	51644
Naegleria	20	6	7	7	6	9
Brassica	3	0	0	0	0	0
Heterostelium	1	0	0	0	0	0
Machinavirus	4	0	56186	0	2	0
Burzaovirus	1214	25	144	1344	4	2561
Chuhaivirus	9	8	74	30	0	0
Cacepaovirus	19	0	42	58	0	0
Bohxovirus	18	0	37	2	0	0
Buhlduvirus	24	0	8	5	0	0
Afonbuvirus	4801	27	17	34	8	11
Aurodevirus	307	2	31	12	129	19
Birpovirus	18	35	18	17	3	3
Besingivirus	4	1	18	5	0	0
Buchavirus	136	16	20	157	4	20
Blohavirus	56	62	5	8	2	5
Buorbuivirus	31	0	0	2	10	0
Culoivirus	148	4	23	6	12	1
Cohcovirus	147	6	2	13	17	8
Canhaevirus	76	4	11	12	21	13
Carjivirus	8021	310	16	494	256	231
Endlipuvirus	173	0	4	5	510	194
Diorhovirus	6	78	1	12	2	1
Delmidovirus	50	1	5	7	2	5
Drivevirus	20	0	41	4	1	0
Dabirmavirus	13	0	2	9	4	3
Whopevirus	7	0	0	3	0	0
Fohxhuevirus	146	205	4	109	1	417
Wotdevirus	22	1	5	17	0	0
Hacihdavirus	10	0	1	14	0	0
Jahgtovirus	304	12	11	20	30	45
Kehishuvirus	1042	7	259	52	1	8
Kahnovirus	200	7	54	48	5	26
Mahlunavirus	202	2	24	5	0	10
Pamirivirus	100	1	9	33	0	3
Kolpuevirus	98	0	29	4	3	2
Paundivirus	39	0	15	32	0	1
Lebriduvirus	43	4	23	10	1	4
Mahstovirus	56	3	16	1	0	1
Lahndsivirus	29	0	12	15	0	0
Pipoluvirus	7	0	3	15	0	1
Wulfhauvirus	8	1	5	0	0	1
Akihdevirus	7	0	3	0	0	0
Kingevirus	281	45	1	14	466	73
Kahucivirus	6	1	0	1	8	24
Junduvirus	75	16	3	48	34	124
Kagunavirus	5831	60	43	7165	8	9
Jerseyvirus	501	4	12	559	3	0
Cornellvirus	1	0	29	54	0	0
Alexandravirus	45	4	18330	25	1	6
Drulisvirus	1728	1	2891	148	2	1
Koutsourovirus	11	0	52	2	0	0
Bucovirus	3	0	4	0	0	0
Kayfunavirus	332	2	117	1495	2	0
Przondovirus	224	24	59	3	0	0
Teetrevirus	105	7	8	0	3	0
Teseptimavirus	27	1	2	14	1	0
Ghunavirus	9	0	1	1	0	0
Berlinvirus	6	0	0	0	0	0
Foetvirus	4	0	0	1	0	0
Minipunavirus	2	0	1	0	0	0
Apdecimavirus	3	0	0	0	0	0
Chatterjeevirus	1	0	0	0	1	0
Pektosvirus	0	0	0	0	1	0
Pifdecavirus	0	0	1	0	0	0
Jarilovirus	0	0	1	0	0	0
Unyawovirus	1	0	0	0	0	0
Ahphunavirus	2	0	956	0	0	0
Cronosvirus	4	0	4	0	0	0
Aerosvirus	1	0	3	0	0	0
Panjvirus	0	0	0	0	0	2
Wanjuvirus	2	0	0	0	0	0
Pettyvirus	2	0	54	0	0	0
Friunavirus	5	0	11	2	0	0
Daemvirus	2	0	0	0	0	0
Pradovirus	16	0	8	0	45	4
Bonnellvirus	52	1	1	0	10	0
Stompvirus	3	0	17	0	1	0
Phimunavirus	5	0	6	1	1	0
Kotilavirus	6	0	2	0	0	0
Kantovirus	0	0	0	1	0	0
Stubburvirus	7	0	6	0	18	0
Phikmvvirus	0	0	1	0	0	0
Tunggulvirus	0	1	0	0	0	0
Sukuvirus	4	0	0	0	3	0
Higashivirus	0	0	3	0	0	0
Risjevirus	2	0	0	0	1	0
Ampunavirus	1	0	1	0	0	0
Mguuvirus	0	0	0	0	1	0
Anchaingvirus	0	0	4	0	10	0
Tuodvirus	2	0	0	0	2	0
Vectrevirus	4	0	0	0	0	0
Zindervirus	0	0	0	2	0	0
Eracentumvirus	0	0	2	0	0	0
Acadevirus	1	0	0	0	0	0
Sieqvirus	0	0	0	0	12	0
Bifseptvirus	0	0	1	0	4	1
Chosvirus	4	2	0	0	0	0
Gyeongsanvirus	0	0	0	0	4	1
Pelagivirus	0	0	3	2	0	0
Cuernavacavirus	2	0	3	0	0	0
Ermolevavirus	2	0	3	0	0	0
Jiaoyazivirus	2	0	2	0	0	1
Gajwadongvirus	3	0	0	0	0	1
Napahaivirus	4	0	0	0	0	0
Voetvirus	0	0	0	3	0	0
Ayaqvirus	3	0	0	0	0	0
Ayakvirus	0	0	0	0	1	1
Pollyceevirus	0	0	0	0	2	0
Atuphduovirus	0	0	1	0	1	0
Limelightvirus	0	0	1	0	0	1
Banchanvirus	2	0	0	0	0	0
Percyvirus	2	0	0	0	0	0
Lullwatervirus	0	0	0	0	0	1
Scottvirus	0	0	0	0	1	0
Piedvirus	0	0	0	0	1	0
Kalppathivirus	0	0	1	0	0	0
Tangaroavirus	0	0	1	0	0	0
Powvirus	1	0	0	0	0	0
Serkorvirus	1	0	0	0	0	0
Stompelvirus	1	0	0	0	0	0
Stopalavirus	1	0	0	0	0	0
Aqualcavirus	1	0	0	0	0	0
Stopavirus	1	0	0	0	0	0
Oinezvirus	1	0	0	0	0	0
Nohivirus	1	0	0	0	0	0
Pairvirus	1	0	0	0	0	0
Waewaevirus	1	0	0	0	0	0
Kelmasvirus	1	0	0	0	0	0
Votkovvirus	1	0	0	0	0	0
Vhmlvirus	1	0	8049	0	0	0
Tequatrovirus	49	4	8	1441	4	2
Jiaodavirus	805	15	3	237	0	0
Karamvirus	329	0	1	0	0	1
Mosigvirus	117	1	1	8	3	0
Kanagawavirus	52	0	3	1	2	0
Moonvirus	35	0	1	0	1	0
Roskildevirus	10	0	4	3	0	0
Tegunavirus	4	0	4	4	0	0
Gaprivervirus	5	3	1	2	0	0
Gelderlandvirus	4	0	0	2	0	0
Kagamiyamavirus	1	0	2	1	1	0
Dhakavirus	3	0	0	1	1	0
Winklervirus	2	0	0	0	0	0
Pseudotevenvirus	29	102	2621	2	6	0
Lasallevirus	88	1	12	0	19	0
Lazarusvirus	8	1	0	0	0	0
Hadassahvirus	0	0	5	1	0	0
Acajnonavirus	1	1	0	1	1	0
Zedzedvirus	3	0	0	1	0	0
Slopekvirus	35	5	9	2	88	0
Ceceduovirus	4	1	96	2	0	0
Ishigurovirus	5	0	0	1	0	0
Tulanevirus	52	0	19	1	0	1
Jiangsuvirus	2	0	28	0	0	0
Krischvirus	0	6	5	1	0	0
Gualtarvirus	3	1	7	0	0	0
Bragavirus	2	1	3	0	0	2
Chrysonvirus	1	1	0	2	1	0
Cinqassovirus	4	0	1	0	0	0
Mylasvirus	2	1	1	0	0	0
Biquartavirus	3	0	1	0	0	0
Schizotequatrovirus	4	0	0	0	0	0
Nanhuvirus	2	0	0	0	0	0
Angelvirus	1	0	0	0	0	0
Gamaleyavirus	884	26	3	546	24	1
Kaypoctavirus	898	0	12	2	8	0
Moovirus	35	0	8	1	0	0
Enquatrovirus	13	0	0	0	4	1
Efbeekayvirus	900	2	15	0	5	0
Exceevirus	2	0	503	0	26	1
Pylasvirus	137	1	18	4	4	0
Ithacavirus	7	0	64	0	0	0
Pollockvirus	0	0	0	0	2	0
Dongdastvirus	4	2	5	0	35	2
Inbricusvirus	3	0	6	0	15	3
Jwalphavirus	1	0	2	0	16	0
Pourcelvirus	2	0	12	0	5	0
Triduovirus	97	0	19	0	0	0
Zurivirus	6	0	13	0	20	5
Cbunavirus	24	1	6	4	6	0
Pokkenvirus	2	0	7	0	24	1
Litunavirus	2	0	6	2	14	3
Luzseptimavirus	1	0	3	0	3	0
Johnsonvirus	3	0	0	1	22	2
Yonginvirus	0	0	1	0	1	0
Waedenswilvirus	3	0	12	0	9	0
Riverridervirus	0	0	7	0	12	0
Zicotriavirus	1	0	3	3	11	1
Petruschkyvirus	4	0	12	1	0	0
Aorunvirus	1	0	0	1	2	0
Aoqinvirus	1	0	3	0	0	0
Pomeroyivirus	3	0	0	0	0	0
Baltimorevirus	3	0	0	0	0	0
Gonggongvirus	1	0	0	0	0	0
Sanyabayvirus	1	0	0	0	0	0
Xoxocotlavirus	2	0	2	1	8	3
Huelvavirus	4	0	2	1	8	0
Acanvirus	0	0	3	0	7	0
Cyamitesvirus	1	0	0	0	3	0
Oliverunavirus	1	0	1	0	12	0
Pacinivirus	2	1	2	8	0	0
Eceepunavirus	7	0	3	1	0	0
Cavevirus	0	0	2	1	6	0
Dendoorenvirus	1	0	2	0	3	1
Littlefixvirus	0	0	1	0	3	2
Shizishanvirus	0	0	4	0	2	0
Dorisvirus	1	0	0	0	0	0
Philippevirus	1	0	3	0	1	0
Stoningtonvirus	0	0	1	1	0	0
Matsuvirus	1	0	0	0	0	0
Presleyvirus	2	0	0	0	0	1
Vicoquintavirus	3	0	0	0	0	0
Varunavirus	1	0	0	0	1	0
Penintadodekavirus	2	0	0	0	0	0
Pariacacavirus	0	0	1	0	0	0
Mukerjeevirus	1	0	0	0	0	0
Jedunavirus	270	16	10	3944	5	2
Jouyvirus	9	458	417	1868	614	292
Webervirus	349	2	490	2	4	1
Tlsvirus	3	13	768	0	0	1
Henuseptimavirus	29	1	0	0	0	0
Changchunvirus	8	0	3	0	0	0
Hanrivervirus	1	0	2	0	0	0
Warwickvirus	1	0	0	0	0	0
Kyungwonvirus	11	0	1	2	0	0
Tunavirus	6	0	3	1	0	0
Badaguanvirus	2	0	0	0	0	0
Rogunavirus	0	0	0	0	2	1
Wilsonroadvirus	1	0	1	0	0	1
Guelphvirus	2	0	1	0	0	0
Rtpvirus	0	0	1	0	0	0
Nouzillyvirus	0	0	2	0	0	0
Fremauxvirus	0	0	1678	0	0	0
Skatevirus	9	3	8	1133	2	2
Epseptimavirus	27	6	425	3	0	0
Tequintavirus	155	1	35	2	1	1
Shenzhenvirus	99	0	50	3	4	4
Sugarlandvirus	49	3	5	2	0	0
Novosibvirus	4	0	2	0	0	0
Myunavirus	0	1	1	2	0	0
Hongcheonvirus	0	0	1	0	0	0
Jesfedecavirus	3	0	0	0	0	0
Cetovirus	0	0	1	0	0	0
Vipunavirus	1	0	0	0	0	0
Pogseptimavirus	0	0	2	0	0	0
Priunavirus	2	0	0	0	0	0
Chivirus	8	0	217	4	0	0
Zhonglingvirus	4	0	222	0	0	0
Salvovirus	5	1	10	3	91	4
Jacunavirus	76	1	3	0	1	0
Sharonstreetvirus	7	0	22	1	2	4
Yonseivirus	24	0	8	1	0	2
Gwanakrovirus	7	0	16	0	0	0
Phobosvirus	3	0	3	2	10	1
Sanovirus	5	0	1	0	2	2
Redjacvirus	0	0	9	0	0	0
Nazgulvirus	3	0	0	0	1	0
Ahduovirus	3	0	0	1	0	0
Sessunavirus	2	0	0	0	1	0
Dunedinvirus	0	0	1	0	1	0
Fengtaivirus	0	0	2	0	0	0
Gediminasvirus	1	0	1	0	0	0
Kokobelvirus	0	0	1	0	0	0
Broinstvirus	1	0	0	0	0	0
Erskinevirus	1	0	790	3	0	1
Yuavirus	296	2	271	9	19	1
Vojvodinavirus	18	0	0	1	6	1
Abidjanvirus	8	0	3	26	9	1
Bosavirus	8	2	8	0	8	1
Xooduovirus	9	0	2	1	10	1
Epaquintavirus	0	0	0	0	13	0
Keylargovirus	0	0	0	1	0	0
Plateaulakevirus	12	3	547	1	0	2
Mydovirus	203	5	139	3	5	0
Certrevirus	10	1	31	0	0	0
Vequintavirus	5	0	0	26	5	3
Seunavirus	10	0	7	0	19	2
Henunavirus	3	0	26	0	0	0
Avunavirus	3	0	0	1	1	0
Obolenskvirus	457	1	43	1	0	0
Skunavirus	28	0	23	2	16	416
Dhillonvirus	381	17	5	6	6	27
Deseoctovirus	7	0	12	418	0	0
Asteriusvirus	312	3	109	1	0	0
Derbicusvirus	19	12	385	2	0	0
Eganvirus	1	18	56	90	21	4
Quadragintavirus	0	8	49	31	17	10
Peduovirus	4	7	21	25	10	10
Bielevirus	1	0	5	5	0	1
Evevirus	0	0	6	0	1	0
Bracchivirus	2	0	0	0	0	1
Aresaunavirus	3	0	0	0	0	0
Aptresvirus	0	0	0	1	0	0
Piscesmortuivirus	0	0	1	0	0	0
Arsenicumvirus	1	0	0	0	0	0
Catalunyavirus	1	0	0	0	0	0
Goslarvirus	9	0	16	388	2	0
Miamivirus	6	1	373	5	0	6
Marfavirus	230	3	0	2	106	0
Klumppvirus	1	0	1	78	3	0
Caeruleovirus	12	6	1	0	1	0
Nitunavirus	4	2	0	6	0	0
Bastillevirus	5	0	3	0	1	1
Wphvirus	6	0	3	0	0	1
Jeonjuvirus	5	1	0	0	0	0
Bequatrovirus	2	0	1	1	0	1
Tsarbombavirus	3	0	0	1	0	0
Shalavirus	1	0	0	2	0	0
Goettingenvirus	3	0	0	0	0	0
Agatevirus	0	0	0	1	0	1
Siophivirus	1	1	0	0	0	0
Eldridgevirus	2	0	0	0	0	0
Moonbeamvirus	1	0	0	0	0	0
Matervirus	1	0	0	0	0	0
Kayvirus	5	0	7	4	3	0
Baoshanvirus	11	1	1	2	0	0
Sepunavirus	5	0	4	2	1	1
Twortvirus	2	0	0	6	2	0
Sciuriunavirus	1	0	0	5	0	1
Silviavirus	1	0	5	1	0	0
Schiekvirus	46	0	1	3	1	0
Kochikohdavirus	0	0	4	1	0	0
Hopescreekvirus	3	2	2	0	0	0
Pecentumvirus	2	0	0	1	2	0
Okubovirus	1	0	0	3	0	0
Harbinvirus	0	0	1	1	0	0
Mooreparkvirus	0	1	1	0	0	0
Elpedvirus	1	0	0	0	0	1
Tybeckvirus	2	0	0	0	0	0
Salchichonvirus	2	0	0	0	0	0
Shuimuvirus	2	0	2	311	0	0
Septimatrevirus	93	6	88	8	10	99
Macdonaldcampvirus	3	0	2	284	0	0
Brigitvirus	24	9	3	54	8	183
Swiduovirus	3	0	7	263	0	0
Kuravirus	14	0	95	127	3	2
Nieuwekanaalvirus	0	0	8	3	1	0
Suseptimavirus	0	1	4	4	0	0
Caminolopintovirus	4	0	1	247	0	0
Nodensvirus	41	0	0	1	3	0
Charybdisvirus	2	6	1	0	1	1
Makelovirus	4	0	5	1	0	0
Salacisavirus	7	0	2	0	0	0
Scyllavirus	8	0	1	0	0	0
Emcearvirus	5	0	2	0	0	0
Nilusvirus	1	1	0	0	4	0
Libanvirus	3	2	0	0	1	0
Haifavirus	3	0	0	1	1	1
Serangoonvirus	4	0	1	1	0	0
Neritesvirus	5	0	0	0	0	1
Nerrivikvirus	6	0	0	0	0	0
Anaposvirus	6	0	0	0	0	0
Tefnutvirus	1	3	0	1	0	0
Ahtivirus	0	0	1	0	2	1
Shenzhenivirus	1	2	0	1	0	0
Nereusvirus	3	0	0	1	0	0
Lipsvirus	3	0	0	0	1	0
Ormenosvirus	3	0	0	0	0	1
Sedonavirus	3	1	0	0	0	0
Neptunevirus	1	0	1	0	1	0
Alisovirus	1	1	0	1	0	0
Mazuvirus	2	1	0	0	0	0
Palaemonvirus	2	1	0	0	0	0
Chalconvirus	2	0	0	0	1	0
Potamoivirus	2	0	0	1	0	0
Zhoulongquanvirus	3	0	0	0	0	0
Yushanluvirus	0	0	0	0	2	0
Bristolvirus	0	0	0	2	0	0
Makaravirus	0	1	0	0	0	1
Thetisvirus	0	1	0	0	1	0
Leucotheavirus	1	0	0	0	1	0
Atlauavirus	1	0	0	0	1	0
Tamkungvirus	2	0	0	0	0	0
Macariavirus	2	0	0	0	0	0
Vellamovirus	2	0	0	0	0	0
Lowelvirus	2	0	0	0	0	0
Galenevirus	2	0	0	0	0	0
Glaucusvirus	0	0	0	0	0	1
Bellamyvirus	0	0	0	0	1	0
Sokavirus	0	0	0	0	1	0
Acionnavirus	0	1	0	0	0	0
Pontusvirus	1	0	0	0	0	0
Yellowseavirus	1	0	0	0	0	0
Ronodorvirus	1	0	0	0	0	0
Cymopoleiavirus	1	0	0	0	0	0
Shandvirus	1	0	0	0	0	0
Greenvirus	1	0	0	0	0	0
Brizovirus	1	0	0	0	0	0
Sasquatchvirus	2	0	234	1	1	0
Oengusvirus	109	2	1	36	2	87
Snuvirus	9	1	217	0	1	2
Agricanvirus	37	0	184	2	0	0
Alcyoneusvirus	188	0	30	1	0	3
Moineauvirus	17	9	19	54	8	7
Vansinderenvirus	37	0	0	1	2	0
Brussowvirus	13	0	1	1	1	0
Saltrevirus	5	1	0	214	0	0
Hungariovirus	218	0	0	0	0	0
Segzyvirus	4	0	14	195	0	0
Vedamuthuvirus	4	0	0	0	0	184
Eponavirus	56	8	1	92	2	27
Astrithrvirus	1	0	1	151	0	0
Eneladusvirus	88	7	42	4	3	2
Maaswegvirus	132	2	8	2	0	0
Mimasvirus	12	6	114	2	1	0
Kuttervirus	8	0	61	1	3	0
Taipeivirus	11	1	6	2	1	1
Agtrevirus	6	4	3	2	0	0
Limestonevirus	1	0	0	1	0	0
Nezavisimistyvirus	7	0	2	0	0	0
Kujavirus	1	0	2	0	2	0
Tedavirus	4	0	0	0	0	0
Vapseptimavirus	1	0	0	0	0	0
Campanilevirus	1	0	0	0	0	0
Lentavirus	116	0	1	16	1	0
Cedarrivervirus	4	1	5	118	0	0
Kenoshavirus	14	2	8	4	25	9
Tanisvirus	4	1	4	4	27	2
Secretariatvirus	1	0	0	1	10	0
Taranisvirus	13	4	7	53	4	40
Risingsunvirus	1	0	118	0	0	0
Wellingtonvirus	2	0	101	0	0	0
Burrovirus	47	0	2	2	45	6
Buchananvirus	6	0	5	89	1	0
Salmondvirus	6	0	87	2	0	0
Nipunavirus	38	2	13	10	4	1
Nonagvirus	1	0	12	0	7	1
Seuratvirus	1	0	3	0	0	0
Akiravirus	1	0	10	79	0	0
Pamexvirus	24	1	6	2	50	4
Phapecoctavirus	21	0	26	15	1	1
Justusliebigvirus	7	1	4	4	0	1
Ferozepurvirus	45	0	7	7	23	1
Audreyjarvisvirus	21	0	59	0	0	1
Nevevirus	4	0	74	1	0	0
Bakolyvirus	40	0	33	2	0	0
Seoulvirus	9	2	57	4	1	1
Wongtaivirus	3	0	0	0	0	0
Cuauhtlivirus	0	0	0	1	0	0
Kwaitsingvirus	1	0	0	0	0	0
Cimandefvirus	34	0	30	1	4	0
Anayavirus	21	0	0	3	1	0
Kratiovirus	8	0	0	0	1	0
Fionnbharthvirus	5	0	0	0	2	0
Amginevirus	5	0	2	0	0	0
Aminayvirus	5	0	0	0	1	0
Keshuvirus	2	0	0	0	0	0
Timquatrovirus	2	0	0	0	0	0
Unicornvirus	1	0	0	0	0	0
Suspvirus	13	0	15	0	0	0
Felixounavirus	9	1	10	1	0	1
Kolesnikvirus	1	1	7	1	0	0
Mooglevirus	6	0	2	0	0	0
Sabourvirus	41	0	0	0	0	0
Carltongylesvirus	8	0	1	8	0	0
Loessnervirus	1	0	0	1	0	0
Myducvirus	0	0	1	0	0	0
Suwonvirus	1	0	0	0	0	0
Poindextervirus	13	2	3	0	1	0
Bertelyvirus	9	0	4	1	0	1
Colossusvirus	9	0	1	1	1	0
Shapirovirus	3	1	1	0	1	1
Lughvirus	13	0	1	16	1	27
Kilunavirus	37	1	6	3	0	8
Muminvirus	44	0	1	2	6	2
Citrovirus	0	0	29	0	1	0
Melvirus	0	0	1	1	10	2
Salinovirus	1	0	4	0	0	0
Siovirus	1	0	0	0	0	1
Veravirus	1	0	0	0	0	0
Saphexavirus	0	0	1	0	48	0
Cronusvirus	2	4	17	20	4	2
Cheoctovirus	16	0	0	1	19	4
Squirtyvirus	1	0	0	0	1	0
Avanivirus	2	0	0	0	0	0
Cornievirus	0	0	0	0	1	0
Likavirus	3	0	2	3	2	1
Camvirus	8	0	0	1	0	0
Arequatrovirus	1	0	0	0	4	0
Caelumvirus	2	1	2	0	0	0
Salutenavirus	0	0	0	1	3	0
Celiavirus	4	0	0	0	0	0
Omarvirus	0	0	3	0	0	0
Yosifvirus	0	0	1	0	0	0
Janusvirus	0	0	1	0	0	0
Hautrevirus	1	0	0	0	0	0
Kunmingvirus	19	0	23	0	0	0
Popoffvirus	10	0	26	4	0	0
Julieunavirus	5	1	0	1	0	0
Birdsnestvirus	2	0	1	3	0	0
Coopervirus	5	0	0	0	0	1
Acadianvirus	2	0	0	2	0	0
Thonkovirus	1	0	0	0	2	0
Quesadillavirus	2	0	0	0	0	0
Lilmcdreamyvirus	2	0	0	0	0	0
Rosebushvirus	2	0	0	0	0	0
Pipefishvirus	1	0	0	0	0	0
Pegunavirus	1	0	0	0	0	0
Lessievirus	31	0	3	2	3	1
Bruynoghevirus	1	0	38	0	0	0
Baikalvirus	15	1	10	5	1	7
Elvirus	2	0	36	0	0	0
Bixiavirus	3	0	29	0	0	0
Siaravirus	2	0	1	1	0	0
Salvavirus	0	0	1	0	0	0
Fromanvirus	23	2	4	2	5	1
Beecentumtrevirus	15	0	2	0	0	0
Salasvirus	3	0	0	2	0	0
Claudivirus	4	0	0	2	0	0
Karezivirus	2	0	0	0	0	0
Gaunavirus	2	0	0	0	0	0
Mingyongvirus	1	0	0	1	0	0
Bundooravirus	2	0	0	0	0	0
Pikminvirus	34	0	0	2	0	1
Gruunavirus	8	1	0	0	4	2
Foxborovirus	8	0	1	0	0	0
Kablunavirus	2	0	1	1	0	0
Skysandvirus	1	0	0	0	0	1
Pleakleyvirus	0	0	1	0	0	0
Ceetrepovirus	0	0	1	1	0	0
Xuquatrovirus	13	0	3	19	0	0
Akonivirus	19	2	0	0	3	2
Tinytimothyvirus	3	0	0	2	2	0
Firehammervirus	16	1	0	2	2	0
Fletchervirus	10	0	2	1	0	1
Dismasvirus	20	1	0	1	9	2
Peatvirus	6	1	0	25	0	0
Annadreamyvirus	5	0	0	0	0	0
Wakandavirus	2	0	0	1	1	0
Wilnyevirus	2	0	2	0	0	0
Faustvirus	2	0	0	1	0	0
Gilsonvirus	1	0	0	0	0	0
Samistivirus	5	0	1	0	1	1
Tomasvirus	3	0	0	0	0	0
Karimacvirus	1	0	0	1	0	0
Coruscantvirus	0	0	0	0	1	0
Labanvirus	24	2	0	0	2	1
Unahavirus	0	0	0	0	1	1
Ingelinevirus	0	0	1	0	0	0
Wroclawvirus	25	2	4	1	0	0
Eowynvirus	0	0	29	2	0	0
Ficleduovirus	2	2	5	14	2	4
Metrivirus	11	0	11	3	0	3
Toutatisvirus	1	1	1	1	7	16
Privateervirus	9	0	1	2	0	0
Moazamivirus	0	2	1	0	1	6
Crifsvirus	4	0	0	1	0	0
Bixzunavirus	13	0	3	0	3	3
Myrnavirus	4	0	0	1	0	0
Tsamsavirus	11	1	0	1	1	0
Sophritavirus	6	0	0	0	1	0
Natevirus	0	0	2	0	0	0
Yoloswagvirus	1	0	23	1	0	0
Unaquatrovirus	5	0	0	2	0	11
Limdunavirus	1	0	5	1	0	0
Carvajevirus	23	0	2	0	0	0
Donellivirus	23	0	0	2	0	0
Sextaecvirus	12	1	7	1	1	2
Lillamyvirus	10	0	0	0	11	2
Chakrabartyvirus	2	2	18	0	0	0
Ceduovirus	6	0	0	2	11	3
Saclayvirus	7	0	9	2	2	2
Gordonvirus	14	0	2	2	3	1
Rimavirus	3	0	7	3	7	1
Sashavirus	12	0	5	1	3	0
Faithunavirus	5	0	0	0	1	0
Lumosvirus	3	0	0	0	0	1
Bronvirus	4	0	0	0	0	0
Reyvirus	4	0	0	0	0	0
Kumaovirus	2	0	0	0	0	0
Backyardiganvirus	18	0	3	0	0	0
Quhwahvirus	1	1	4	0	14	0
Pepyhexavirus	2	1	2	1	8	6
Efquatrovirus	3	1	0	6	10	0
Jilinvirus	11	4	1	3	0	0
Fipvunavirus	14	0	1	0	3	1
Kojivirus	16	0	0	1	2	0
Uwajimavirus	17	0	1	1	0	0
Craquatrovirus	4	0	14	0	0	0
Petsuvirus	12	1	4	0	1	0
Takahashivirus	9	0	3	4	1	0
Ludhianavirus	9	0	1	0	7	0
Naesvirus	4	0	3	8	1	0
Pavtokvirus	5	0	4	0	7	0
Ripduovirus	6	0	3	0	7	0
Polybotosvirus	7	2	2	3	2	0
Montyvirus	11	0	1	1	3	0
Phabquatrovirus	3	1	8	0	2	1
Rivsvirus	6	0	9	0	0	0
Mincapvirus	1	0	0	2	1	0
Minorvirus	2	0	0	1	0	0
Haloferacalesvirus	0	0	0	0	0	1
Laminvirus	1	0	0	0	0	0
Tredecimvirus	5	0	0	0	0	0
Korravirus	11	2	1	0	1	0
Lenusvirus	3	0	1	1	0	0
Maenadvirus	3	0	1	0	0	0
Lidleunavirus	3	0	0	1	0	0
Douglaswolinvirus	1	0	0	0	0	0
Marthavirus	15	0	0	0	0	0
Miltoncavirus	3	0	2	4	4	1
Lastavirus	7	1	3	2	0	1
Quivirus	7	0	0	3	3	1
Liefievirus	3	1	0	0	0	0
Jolieduovirus	1	0	0	1	1	0
Pinnievirus	2	0	0	0	0	1
Avocadovirus	2	0	0	0	1	0
Antsirabevirus	1	0	0	0	0	0
Vipetofemvirus	7	0	0	2	1	0
Denvervirus	2	1	1	0	0	0
Baltivirus	8	0	0	0	0	0
Gundelvirus	0	2	0	0	0	1
Bacelvirus	2	0	0	0	0	0
Pawinskivirus	14	0	0	0	0	0
Krampusvirus	0	0	3	0	9	1
Gillianvirus	3	0	0	10	0	0
Emnonavirus	1	0	1	1	1	0
Innesvirus	2	0	1	1	0	0
Trinifflemingvirus	3	0	0	1	0	0
Rollinsvirus	0	0	0	1	0	0
Mudcatvirus	7	0	2	0	3	1
Metforvirus	9	1	2	1	0	0
Jujuvirus	10	0	1	0	1	1
Ittyvirus	4	0	2	1	4	1
Ilzatvirus	6	0	2	1	1	2
Mieseafarmvirus	7	0	4	0	0	1
Rosariovirus	10	0	2	0	0	0
Klausavirus	11	0	0	0	0	1
Thornevirus	12	0	0	0	0	0
Otagovirus	5	0	5	1	0	0
Menderavirus	8	0	1	0	2	0
Vividuovirus	9	0	0	0	0	2
Yangvirus	6	0	0	0	0	0
Manhattanvirus	3	1	0	0	0	0
Nonanavirus	0	0	1	9	0	0
Corndogvirus	0	0	7	3	0	0
Krylovvirus	0	0	10	0	0	0
Iapetusvirus	2	0	8	0	0	0
Bingvirus	5	0	0	0	4	1
Lahexavirus	5	0	1	2	0	2
Gustavvirus	5	0	4	0	1	0
Mementomorivirus	8	0	0	2	0	0
Squashvirus	2	0	4	0	2	1
Jamesmcgillvirus	2	1	6	0	0	0
Tinduovirus	3	0	0	1	0	5
Pakpunavirus	5	0	2	1	1	0
Helsingorvirus	6	0	2	1	0	0
Kroosvirus	7	0	1	0	0	1
Rosenblumvirus	3	0	0	1	0	0
Andhravirus	1	0	0	0	0	0
Copernicusvirus	3	0	0	1	0	0
Mapvirus	9	0	0	0	0	0
Lokivirus	1	0	2	5	0	0
Scapunavirus	2	0	2	0	4	0
Ponsvirus	2	0	4	0	2	0
Kirovvirus	1	0	0	4	0	0
Haetaevirus	1	0	0	0	0	1
Nymphadoravirus	3	0	1	0	2	0
Cebadecemvirus	2	0	0	1	2	1
Nekkelsvirus	0	0	0	1	0	0
Cellubavirus	1	0	0	0	0	0
Siatvirus	3	0	4	1	0	0
Oneupvirus	4	0	0	2	1	1
Pbunavirus	5	0	0	1	0	2
Charlievirus	7	0	0	0	0	1
Aphroditevirus	4	0	0	1	0	0
Tidunavirus	3	0	0	0	0	0
Phikzvirus	0	0	2	2	3	0
Eurybiavirus	1	2	3	1	0	0
Serwervirus	1	2	3	0	0	1
Nanhaivirus	2	0	0	2	3	0
Kochitakasuvirus	2	0	0	0	5	0
Alachuavirus	2	0	2	0	3	0
Elerivirus	3	0	1	0	3	0
Gesputvirus	1	0	0	0	0	1
Vendettavirus	1	0	1	0	0	0
Dardanusvirus	0	0	1	0	0	0
Tinalinvirus	1	0	0	0	0	0
Catfishvirus	1	0	0	0	0	0
Bendigovirus	4	0	0	0	2	1
Emdodecavirus	4	1	0	0	1	1
Beograduvirus	3	0	0	1	1	0
Tsukubavirus	2	0	0	0	0	0
Getalongvirus	2	0	0	0	0	0
Puppervirus	5	0	0	0	1	1
Sarumanvirus	5	0	1	0	1	0
Kungbxnavirus	5	2	0	0	0	0
Omegavirus	5	0	1	1	0	0
Skarprettervirus	6	0	0	0	1	0
Cbastvirus	6	0	0	1	0	0
Kostyavirus	6	0	0	0	1	0
Phrappuccinovirus	7	0	0	0	0	0
Busanvirus	0	0	0	0	6	0
Rahariannevirus	0	1	0	0	5	0
Emalynvirus	1	0	0	0	5	0
Pebcunavirus	2	0	4	0	0	0
Moabitevirus	3	0	0	1	2	0
Teubervirus	3	0	3	0	0	0
Tijeunavirus	3	3	0	0	0	0
Axeltriavirus	4	0	1	0	1	0
Kenyattavirus	5	0	0	0	1	0
Muldoonvirus	5	0	0	0	1	0
Juiceboxvirus	6	0	0	0	0	0
Lambovirus	0	0	3	1	0	1
Hollowayvirus	0	0	4	1	0	0
Rigallicvirus	1	0	0	0	4	0
Austintatiousvirus	1	0	0	3	0	1
Roufvirus	1	1	3	0	0	0
Enhodamvirus	1	0	0	2	2	0
Stormageddonvirus	1	0	0	2	2	0
Gamtrevirus	1	0	0	0	0	4
Denisevirus	1	0	1	1	1	1
Coetzeevirus	2	0	3	0	0	0
Barbavirus	2	0	3	0	0	0
Yihwangvirus	2	0	0	3	0	0
Shirahamavirus	2	0	1	1	1	0
Gladiatorvirus	2	0	2	0	1	0
Nevillevirus	2	0	0	1	0	0
Octobienvirus	0	1	1	0	0	0
Metamorphoovirus	2	0	0	0	3	0
Finchvirus	2	0	2	0	0	1
Flaumdravirus	3	0	0	0	2	0
Kimonavirus	3	2	0	0	0	0
Microwolfvirus	3	0	1	0	0	1
Beenievirus	3	0	0	0	1	1
Schubertvirus	3	0	0	0	2	0
Seamegvirus	3	0	0	0	2	0
Attisvirus	4	0	0	1	0	0
Kryptosalinivirus	4	0	0	0	1	0
Iggyvirus	4	0	1	0	0	0
Vibakivirus	5	0	0	0	0	0
Piorkowskivirus	5	0	0	0	0	0
Anamdongvirus	5	0	0	0	0	0
Pahexavirus	5	0	0	0	0	0
Benedictvirus	5	0	0	0	0	0
Coeurvirus	0	0	0	0	4	0
Hattifnattvirus	0	0	0	0	4	0
Orchidvirus	0	0	0	4	0	0
Nickievirus	0	1	2	1	0	0
Bridgettevirus	1	0	1	1	1	0
Appavirus	1	0	0	0	3	0
Timshelvirus	1	0	0	3	0	0
Samwavirus	1	0	3	0	0	0
Myosmarvirus	1	0	3	0	0	0
Moturavirus	1	1	0	1	1	0
Dexdertvirus	1	0	3	0	0	0
Nyceiraevirus	2	0	0	1	1	0
Turbidovirus	2	0	1	1	0	0
Daredevilvirus	2	0	0	0	2	0
Immutovirus	2	0	2	0	0	0
Arawnvirus	3	0	0	0	1	0
Beejeyvirus	2	0	0	0	0	0
Hatrivirus	0	0	1	0	0	0
Retbasiphovirus	1	0	0	0	0	0
Marvinvirus	3	1	0	0	0	0
Incheonvirus	3	0	0	0	0	1
Pharaohvirus	3	0	1	0	0	0
Trinevirus	4	0	0	0	0	0
Llyrvirus	4	0	0	0	0	0
Zhangqianvirus	4	0	0	0	0	0
Fukuivirus	4	0	0	0	0	0
Betterkatzvirus	0	0	0	0	0	3
Woodruffvirus	0	0	2	0	0	1
Eyrevirus	0	0	2	0	0	1
Pemunavirus	0	0	2	1	0	0
Pagevirus	0	1	1	1	0	0
Syrbvirus	1	0	0	0	2	0
Sixamavirus	1	1	0	0	0	1
Rerduovirus	1	0	2	0	0	0
Veracruzvirus	1	2	0	0	0	0
Chiangmaivirus	1	0	1	1	0	0
Goodmanvirus	1	0	0	0	2	0
Latrobevirus	1	0	1	1	0	0
Cequinquevirus	1	0	0	0	2	0
Delepquintavirus	1	0	0	0	2	0
Hiroshimavirus	1	0	2	0	0	0
Bantamvirus	1	0	0	0	1	1
Wizardvirus	1	0	1	0	1	0
Parlovirus	1	0	1	0	1	0
Firingavirus	1	0	1	1	0	0
Harrisonburgvirus	1	0	1	0	1	0
Minunavirus	2	0	0	1	0	0
Hawkeyevirus	2	0	0	0	1	0
Kelleziovirus	2	0	0	0	0	1
Chaovirus	2	0	1	0	0	0
Callevirus	2	0	1	0	0	0
Ruthyvirus	2	0	0	0	1	0
Sansavirus	2	0	0	0	1	0
Capvunavirus	0	0	0	1	0	0
Susfortunavirus	1	0	0	0	0	0
Brucesealvirus	1	0	0	0	0	0
Godonkavirus	2	0	0	1	0	0
Leonardvirus	2	0	0	1	0	0
Cuauhnahuacvirus	2	1	0	0	0	0
Murrayvirus	2	0	0	1	0	0
Lightbulbvirus	3	0	0	0	0	0
Klementvirus	3	0	0	0	0	0
Galunavirus	3	0	0	0	0	0
Zitchvirus	3	0	0	0	0	0
Refugevirus	3	0	0	0	0	0
Pukovnikvirus	3	0	0	0	0	0
Paopuvirus	2	0	0	0	0	0
Bonaevitaevirus	1	0	0	0	0	0
Baileybluvirus	3	0	0	0	0	0
Slashvirus	3	0	0	0	0	0
Loughboroughvirus	3	0	0	0	0	0
Sourvirus	3	0	0	0	0	0
Grutrevirus	0	0	0	0	0	2
Ericdabvirus	0	0	0	0	2	0
Trinavirus	0	0	0	0	2	0
Halohivirus	0	0	0	1	1	0
Plaisancevirus	0	0	0	2	0	0
Knuthellervirus	0	0	0	2	0	0
Pippivirus	0	0	1	0	1	0
Clawzvirus	0	0	1	0	1	0
Ayohtrevirus	0	0	1	1	0	0
Nimduovirus	0	0	1	1	0	0
Magadivirus	0	0	1	1	0	0
Shandongvirus	0	0	1	1	0	0
Hapunavirus	0	0	2	0	0	0
Detrevirus	0	0	2	0	0	0
Steinhofvirus	0	0	2	0	0	0
Vicosavirus	0	0	2	0	0	0
Cobrasixvirus	0	0	2	0	0	0
Yanchengvirus	0	0	2	0	0	0
Wumptrevirus	0	0	2	0	0	0
Elmenteitavirus	0	2	0	0	0	0
Myradeevirus	1	0	0	0	0	1
Papyrusvirus	1	0	0	1	0	0
Luckytenvirus	1	0	1	0	0	0
Qingdaovirus	1	0	0	1	0	0
Neferthenavirus	1	0	0	0	1	0
Skogvirus	1	0	1	0	0	0
Feofaniavirus	1	0	1	0	0	0
Hedwigvirus	1	0	1	0	0	0
Persistencevirus	1	0	0	0	1	0
Cimpunavirus	1	0	0	0	1	0
Midgardsormrvirus	1	0	1	0	0	0
Trigintaduovirus	1	0	0	0	0	1
Galaxyvirus	1	0	0	1	0	0
Fishburnevirus	0	0	0	0	1	0
Bignuzvirus	1	0	0	0	0	0
Borockvirus	1	0	1	0	0	0
Becedseptimavirus	1	0	0	0	0	1
Richievirus	1	0	0	0	1	0
Emperorvirus	1	0	0	0	1	0
Gervaisevirus	1	0	0	1	0	0
Barnyardvirus	2	0	0	0	0	0
Chenonavirus	2	0	0	0	0	0
Kelquatrovirus	2	0	0	0	0	0
Schmittlotzvirus	2	0	0	0	0	0
Vhulanivirus	2	0	0	0	0	0
Skulduggeryvirus	2	0	0	0	0	0
Rogerhendrixvirus	2	0	0	0	0	0
Bigmanorsvirus	2	0	0	0	0	0
Sheenvirus	2	0	0	0	0	0
Tantvirus	2	0	0	0	0	0
Saintgironsvirus	2	0	0	0	0	0
Delislevirus	2	0	0	0	0	0
Chopinvirus	2	0	0	0	0	0
Anjalivirus	2	0	0	0	0	0
Phabiovirus	2	0	0	0	0	0
Manovirus	2	0	0	0	0	0
Armstrongvirus	2	0	0	0	0	0
Terapinvirus	0	0	0	0	0	1
Wbetavirus	0	0	0	0	0	1
Ryyoungvirus	0	0	0	0	0	1
Bcepfunavirus	0	0	0	0	1	0
Sagamiharavirus	0	0	0	0	1	0
Whiteheadvirus	0	0	0	0	1	0
Paclarkvirus	0	0	0	0	1	0
Getseptimavirus	0	0	0	0	1	0
Luckybarnesvirus	0	0	0	0	1	0
Manuelvirus	0	0	0	0	1	0
Kumottavirus	0	0	0	0	1	0
Sonalivirus	0	0	0	0	1	0
Seussvirus	0	0	0	0	1	0
Phifelvirus	0	0	0	1	0	0
Konstantinevirus	0	0	0	1	0	0
Tepukevirus	0	0	0	1	0	0
Weaselvirus	0	0	0	1	0	0
Andrewvirus	0	0	0	1	0	0
Homburgvirus	0	0	0	1	0	0
Lanavirus	0	0	1	0	0	0
Noxifervirus	0	0	1	0	0	0
Andromedavirus	0	0	1	0	0	0
Nankokuvirus	0	0	1	0	0	0
Samunavirus	0	0	1	0	0	0
Deurplevirus	0	0	1	0	0	0
Dybvigvirus	0	0	1	0	0	0
Abaiavirus	0	0	1	0	0	0
Onyinyevirus	0	0	1	0	0	0
Traversvirus	0	0	1	0	0	0
Coatlandelriovirus	0	0	1	0	0	0
Perisivirus	0	0	1	0	0	0
Eagleeyevirus	0	0	1	0	0	0
Kleczkowskavirus	0	0	1	0	0	0
Mufasoctovirus	0	1	0	0	0	0
Wollypogvirus	1	0	0	0	0	0
Coralvirus	1	0	0	0	0	0
Veewebvirus	1	0	0	0	0	0
Edenvirus	1	0	0	0	0	0
Kukulkanvirus	1	0	0	0	0	0
Arvduovirus	1	0	0	0	0	0
Patiencevirus	1	0	0	0	0	0
Branisovskavirus	1	0	0	0	0	0
Aobingvirus	1	0	0	0	0	0
Typhavirus	1	0	0	0	0	0
Maxrubnervirus	1	0	0	0	0	0
Rosemountvirus	1	0	0	0	0	0
Picardvirus	1	0	0	0	0	0
Carpasinavirus	1	0	0	0	0	0
Jacevirus	1	0	0	0	0	0
Yeceytrevirus	1	0	0	0	0	0
Amigovirus	1	0	0	0	0	0
Aokuangvirus	1	0	0	0	0	0
Schnabeltiervirus	1	0	0	0	0	0
Fairfaxidumvirus	1	0	0	0	0	0
Decurrovirus	1	0	0	0	0	0
Demosthenesvirus	1	0	0	0	0	0
Franklinbayvirus	1	0	0	0	0	0
Gordtnkvirus	1	0	0	0	0	0
Raleighvirus	1	0	0	0	0	0
Northamptonvirus	1	0	0	0	0	0
Anatolevirus	1	0	0	0	0	0
Gofduovirus	1	0	0	0	0	0
Forzavirus	1	0	0	0	0	0
Powerballvirus	1	0	0	0	0	0
Holosalinivirus	1	0	0	0	0	0
Leicestervirus	1	0	0	0	0	0
Kylevirus	1	0	0	0	0	0
Ionavirus	1	0	0	0	0	0
Oshimavirus	1	0	0	0	0	0
Cinunavirus	1	0	0	0	0	0
Sortsnevirus	1	0	0	0	0	0
Harrekavirus	1	0	0	0	0	0
Mcgonagallvirus	1	0	0	0	0	0
Doucettevirus	1	0	0	0	0	0
Rockefellervirus	1	0	0	0	0	0
Gimaduovirus	1	0	0	0	0	0
Sargevirus	1	0	0	0	0	0
Lacusarxvirus	1	0	0	0	0	0
Clownvirus	1	0	0	0	0	0
Cecivirus	1	0	0	0	0	0
Tankvirus	1	0	0	0	0	0
Cantarevirus	1	0	0	0	0	0
Shoyavirus	1	0	0	0	0	0
Foxunavirus	1	0	0	0	0	0
Chaoshanvirus	1	0	0	0	0	0
Carnodivirus	1	0	0	0	0	0
Hubeivirus	1	0	0	0	0	0
Indlulamithivirus	1	0	0	0	0	0
Hnatkovirus	1	0	0	0	0	0
Jarrellvirus	1	0	0	0	0	0
Varicellovirus	26	1	7	2	2	2
Simplexvirus	30	0	3	1	1	1
Scutavirus	2	0	0	0	0	0
Iltovirus	0	1	0	0	0	0
Mardivirus	1	0	0	0	0	0
Percavirus	13	0	3	3	0	0
Rhadinovirus	5	5	1	1	1	0
Macavirus	0	0	2	3	0	0
Lymphocryptovirus	2	0	2	0	0	1
Bossavirus	2	0	0	0	0	0
Manticavirus	1	0	0	0	0	0
Cytomegalovirus	11	1	4	1	2	1
Quwivirus	4	0	2	1	0	1
Roseolovirus	4	0	2	0	1	0
Muromegalovirus	6	0	1	0	0	0
Proboscivirus	1	1	0	0	1	0
Cyvirus	9	1	1	0	0	0
Batravirus	4	1	1	0	0	0
Batrachovirus	1	0	1	0	0	0
Ostreavirus	1	0	0	1	0	0
Moumouvirus	119	6	27	19	10	7
Mimivirus	52	3	38	18	19	9
Megavirus	57	3	36	12	10	0
Tupanvirus	81	7	13	9	3	2
Cotonvirus	49	1	9	9	5	0
Theiavirus	76	5	7	5	4	2
Fadolivirus	66	3	4	13	1	3
Rheavirus	26	0	3	1	1	2
Biavirus	35	0	2	12	2	1
Kratosvirus	17	0	1	1	2	0
Oceanusvirus	2	1	0	1	2	0
Heliosvirus	6	0	0	0	0	0
Prymnesiovirus	19	6	7	7	1	0
Prasinovirus	14	0	1	13	1	0
Chlorovirus	5	2	5	1	0	0
Coccolithovirus	3	0	0	1	0	0
Raphidovirus	2	0	1	0	0	0
Phaeovirus	1	0	0	1	0	0
Chloriridovirus	16	0	1	0	1	1
Iridovirus	4	0	0	1	0	1
Lymphocystivirus	8	0	0	3	1	0
Ranavirus	4	0	0	0	0	0
Megalocytivirus	2	0	0	0	0	0
Marseillevirus	12	1	0	7	0	1
Toursvirus	21	0	0	1	0	0
Ascovirus	2	0	0	0	0	0
Avipoxvirus	29	0	2	2	2	0
Orthopoxvirus	14	1	9	2	1	1
Centapoxvirus	15	0	0	4	1	0
Parapoxvirus	14	0	1	3	1	0
Cervidpoxvirus	16	0	0	1	0	0
Oryzopoxvirus	11	1	0	2	0	0
Crocodylidpoxvirus	5	0	0	0	2	0
Vespertilionpoxvirus	3	3	0	0	0	0
Capripoxvirus	2	0	2	1	0	0
Sciuripoxvirus	0	2	0	0	1	1
Yatapoxvirus	1	0	0	0	0	1
Suipoxvirus	0	0	0	1	0	0
Mustelpoxvirus	0	0	1	0	0	0
Leporipoxvirus	0	0	1	0	0	0
Macropopoxvirus	1	0	0	0	0	0
Molluscipoxvirus	1	0	0	0	0	0
Betaentomopoxvirus	56	0	9	8	0	0
Alphaentomopoxvirus	11	0	3	0	0	0
Deltaentomopoxvirus	8	0	2	1	0	0
Asfivirus	2	0	2	1	1	0
Mastadenovirus	12	8	1	5	0	8
Aviadenovirus	0	1	0	1	0	0
Siadenovirus	2	0	0	0	0	0
Atadenovirus	0	0	0	1	0	0
Alphatectivirus	1	0	11	0	1	0
Sputnikvirus	4	0	3	0	0	0
Alphasphaerolipovirus	0	0	1	0	0	0
Orthobunyavirus	14	0	7	2	0	0
Pacuvirus	1	0	0	0	0	0
Orthohantavirus	16	0	0	0	0	0
Agnathovirus	1	0	0	0	0	0
Emaravirus	4	1	0	4	0	0
Uukuvirus	2	0	0	0	0	1
Coguvirus	1	0	0	0	0	0
Laulavirus	1	0	0	0	0	0
Orthotospovirus	5	0	0	0	0	0
Orthophasmavirus	2	0	0	0	0	1
Feravirus	1	0	0	0	0	0
Orthonairovirus	4	0	0	0	0	0
Mammarenavirus	1	0	0	0	1	0
Hartmanivirus	0	0	1	0	0	0
Shilevirus	1	0	0	0	0	0
Hubavirus	1	0	0	0	0	0
Quaranjavirus	52	0	0	0	0	0
Alphainfluenzavirus	1	0	0	0	0	0
Ephemerovirus	7	0	0	0	0	0
Almendravirus	2	0	0	0	0	0
Hapavirus	2	0	0	0	0	0
Vesiculovirus	2	0	0	0	0	0
Sigmavirus	0	0	0	0	0	1
Sripuvirus	0	0	0	0	1	0
Thriprhavirus	0	0	1	0	0	0
Sunrhavirus	1	0	0	0	0	0
Cytorhabdovirus	7	0	0	0	0	0
Alphanucleorhabdovirus	0	1	0	3	0	0
Betanucleorhabdovirus	1	0	0	0	0	0
Anphevirus	6	0	0	0	0	0
Gambievirus	1	0	0	0	1	0
Drunivirus	1	0	0	0	0	0
Orthorubulavirus	0	0	0	1	1	0
Respirovirus	1	0	1	0	0	0
Scoliodonvirus	1	0	0	0	0	0
Orinovirus	4	0	0	0	0	0
Penicillimonavirus	0	0	0	1	0	0
Orthopneumovirus	0	0	1	0	0	0
Orthobornavirus	1	0	0	0	0	0
Scarabeuvirus	1	0	0	0	0	0
Nigecruvirus	1	0	0	0	0	0
Mivirus	1	0	0	0	0	0
Ollusvirus	0	0	0	1	0	0
Ophiovirus	2	0	0	0	0	0
Epsilonarterivirus	0	2	2	13	1	1
Gammaarterivirus	1	0	0	0	0	0
Betaarterivirus	1	0	0	0	0	0
Alphacoronavirus	3	0	0	1	2	0
Deltacoronavirus	1	0	0	1	0	0
Betacoronavirus	1	0	0	1	0	0
Okavirus	7	0	0	0	0	0
Pregotovirus	1	0	2	0	0	0
Vebetovirus	1	0	0	0	0	0
Infratovirus	1	0	0	0	0	0
Torovirus	0	0	0	1	0	0
Chimshavirus	5	0	0	0	0	0
Alphamononivirus	1	0	0	1	0	0
Nasenivirus	1	0	0	0	0	0
Hunnivirus	0	0	0	2	0	0
Cosavirus	1	0	0	0	0	0
Teschovirus	1	0	0	0	0	0
Megrivirus	2	0	0	0	0	0
Pemapivirus	0	0	0	1	0	0
Potamipivirus	3	0	0	0	0	0
Hepatovirus	1	0	0	0	0	0
Fabavirus	4	0	0	0	0	0
Nepovirus	2	0	0	0	0	0
Torradovirus	0	0	1	0	0	0
Posavirus	2	0	0	0	0	0
Iflavirus	2	0	0	0	0	0
Salisharnavirus	2	0	0	0	0	0
Sogarnavirus	1	0	0	0	0	0
Norovirus	2	0	0	0	0	0
Invictavirus	1	0	0	0	0	0
Enamovirus	1	0	0	0	0	0
Tritimovirus	0	0	2	0	0	0
Bymovirus	1	1	0	0	0	0
Potyvirus	2	0	0	0	0	0
Macluravirus	0	0	0	0	0	1
Rymovirus	1	0	0	0	0	0
Betahypovirus	2	0	2	0	0	0
Alphahypovirus	2	0	0	0	0	0
Betafusarivirus	0	0	0	1	0	0
Alphapartitivirus	1	0	0	0	0	0
Tobamovirus	1	0	0	0	2	0
Goravirus	0	0	0	1	0	0
Hordeivirus	0	0	0	1	0	0
Pomovirus	0	0	1	0	0	0
Furovirus	1	0	0	0	0	0
Closterovirus	2	0	0	0	0	0
Crinivirus	0	0	0	1	0	0
Olivavirus	1	0	0	0	0	0
Velarivirus	1	0	0	0	0	0
Ampelovirus	1	0	0	0	0	0
Cucumovirus	0	0	0	0	0	1
Ilarvirus	1	0	0	0	0	0
Bromovirus	1	0	0	0	0	0
Alphavirus	0	0	0	0	2	0
Alphaendornavirus	0	0	0	1	0	0
Blunervirus	1	0	0	0	0	0
Prunevirus	0	2	0	0	0	0
Trichovirus	0	0	0	1	0	0
Banmivirus	1	0	0	0	0	0
Carlavirus	1	0	0	0	0	0
Potexvirus	1	0	0	0	1	0
Orthoflavivirus	3	0	0	1	0	0
Hepacivirus	3	0	0	0	1	0
Pegivirus	2	0	0	0	0	0
Pestivirus	1	0	0	0	0	0
Andihavirus	10	0	0	0	0	0
Vohsuavirus	0	1	0	0	0	0
Brudgevirus	1	0	0	0	0	0
Bahdevuvirus	1	0	0	0	0	0
Gihfavirus	1	0	1	0	0	0
Huhbevirus	0	0	1	0	0	0
Semodevirus	2	0	0	0	0	0
Scleroulivirus	0	0	0	1	0	0
Phytoreovirus	3	0	0	0	0	0
Rotavirus	1	0	0	1	0	0
Orbivirus	1	0	0	1	0	0
Cypovirus	1	0	0	1	0	0
Dinovernavirus	1	0	0	0	0	0
Coltivirus	1	0	0	0	0	0
Alternavirus	0	0	0	0	2	0
Alphachrysovirus	0	0	1	0	0	0
Negevirus	0	0	0	1	0	0
Badnavirus	3	0	0	0	0	1
Dioscovirus	0	0	0	1	0	0
Vaccinivirus	1	0	0	0	0	0
Simiispumavirus	0	0	1	0	0	0
Prosimiispumavirus	1	0	0	0	0	0
Gammaretrovirus	1	0	0	0	0	0
Errantivirus	1	0	0	0	0	0
Pandoravirus	114	9	14	12	4	4
Pithovirus	1	0	1	0	0	0
Alphabaculovirus	87	5	5	16	5	1
Betabaculovirus	39	4	3	0	1	0
Gammabaculovirus	3	0	0	0	0	0
Alphanudivirus	28	0	1	0	2	0
Betanudivirus	3	0	0	0	0	0
Gammanudivirus	2	0	0	0	0	0
Glossinavirus	2	0	0	2	0	0
Whispovirus	5	0	0	0	1	0
Betapolyomavirus	1	0	0	7	0	0
Alphapolyomavirus	1	0	2	2	0	0
Xipapillomavirus	2	0	0	0	0	0
Gammapapillomavirus	2	0	0	0	0	0
Dyopipapillomavirus	0	0	0	1	0	0
Dyokappapapillomavirus	0	0	0	1	0	0
Mupapillomavirus	1	0	0	0	0	0
Dyonupapillomavirus	1	0	0	0	0	0
Muscodensovirus	3	0	0	0	0	0
Iteradensovirus	2	0	0	0	0	0
Ambidensovirus	1	0	0	0	0	0
Brevihamaparvovirus	0	0	0	1	0	0
Bidensovirus	1	0	0	0	0	0
Begomovirus	10	0	0	0	0	0
Grablovirus	1	0	0	0	0	0
Gemykolovirus	3	0	0	0	0	0
Gemykibivirus	1	0	0	0	0	0
Gemycircularvirus	1	0	0	0	0	0
Cyclovirus	0	0	0	1	0	0
Nanovirus	0	0	0	1	0	0
Scuticavirus	0	0	4	0	0	0
Lineavirus	1	0	0	0	0	0
Bdellomicrovirus	1	0	0	0	0	0
Betapleolipovirus	2	0	0	0	0	0
Bracoviriform	20	1	3	4	0	0
Ichnoviriform	1	0	1	0	0	0
Usarudivirus	0	1	0	0	1	0
Icerudivirus	1	0	0	0	0	0
Captovirus	0	0	0	0	0	1
Betalipothrixvirus	0	0	0	1	0	0
Betatristromavirus	1	0	0	0	0	0
Etatorquevirus	0	0	0	1	0	0
Alphatorquevirus	0	0	1	0	0	0
Betasatellite	1	0	0	0	0	1
Betafusellovirus	0	0	0	1	0	0
Nitmarvirus	1	0	0	0	0	0
Bottigliavirus	1	0	0	0	0	0
Pletoitzamnavirus	1	0	0	0	0	0
