Sample	Protein id	Contig id	Start	Stop	Strand	Element symbol	Element name	Scope	Type	Subtype	Class	Subclass	Method	Target length	Reference sequence length	% Coverage of reference	% Identity to reference	Alignment length	Closest reference accession	Closest reference name	HMM accession	HMM description	Database version	Tool version
ERR7015346	NA	k141_103399	81	977	-	blaTLA	TLA family extended-spectrum class A beta-lactamase	core	AMR	AMR	BETA-LACTAM	CEPHALOSPORIN	BLASTX	299	309	100.00	94.17	309	WP_059512353.1	extended-spectrum class A beta-lactamase TLA-3	NA	NA	2026-05-15.1	4.2.7
ERR7015346	NA	k141_105337	1762	2673	+	blaRATA	RATA family class A beta-lactamase	core	AMR	AMR	BETA-LACTAM	CEPHALOSPORIN	BLASTX	304	304	100.00	98.68	304	WP_064964607.1	extended-spectrum class A beta-lactamase RATA-1	NA	NA	2026-05-15.1	4.2.7
ERR7015346	NA	k141_110838	3	761	-	aph(3')-IIIa	aminoglycoside O-phosphotransferase APH(3')-IIIa	core	AMR	AMR	AMINOGLYCOSIDE	AMIKACIN/KANAMYCIN	BLASTX	253	264	95.83	99.60	253	WP_001096887.1	aminoglycoside O-phosphotransferase APH(3')-IIIa	NA	NA	2026-05-15.1	4.2.7
ERR7015346	NA	k141_111339	122	919	-	blaOXA	OXA-46 family oxacillin-hydrolyzing class D beta-lactamase	core	AMR	AMR	BETA-LACTAM	BETA-LACTAM	BLASTX	266	266	100.00	96.62	266	WP_032490445.1	OXA-46 family oxacillin-hydrolyzing class D beta-lactamase OXA-119	NA	NA	2026-05-15.1	4.2.7
ERR7015346	NA	k141_111339	1528	2322	-	aadA13	ANT(3'')-Ia family aminoglycoside nucleotidyltransferase AadA13	core	AMR	AMR	AMINOGLYCOSIDE	STREPTOMYCIN	EXACTX	265	265	100.00	100.00	265	WP_001424636.1	ANT(3'')-Ia family aminoglycoside nucleotidyltransferase AadA13	NA	NA	2026-05-15.1	4.2.7
ERR7015346	NA	k141_111339	2375	3172	-	blaOXA-46	oxacillin-hydrolyzing class D beta-lactamase OXA-46	core	AMR	AMR	BETA-LACTAM	BETA-LACTAM	ALLELEX	266	266	100.00	100.00	266	WP_063864090.1	oxacillin-hydrolyzing class D beta-lactamase OXA-46	NA	NA	2026-05-15.1	4.2.7
ERR7015346	NA	k141_14022	1027	1815	+	aadA22	ANT(3'')-Ia family aminoglycoside nucleotidyltransferase AadA22	core	AMR	AMR	AMINOGLYCOSIDE	STREPTOMYCIN	BLASTX	263	263	100.00	93.54	263	WP_071846321.1	ANT(3'')-Ia family aminoglycoside nucleotidyltransferase AadA22	NA	NA	2026-05-15.1	4.2.7
ERR7015346	NA	k141_145681	1	954	-	tet(L)	tetracycline efflux MFS transporter Tet(L)	core	AMR	AMR	TETRACYCLINE	TETRACYCLINE	PARTIAL_CONTIG_ENDX	318	458	69.43	100.00	318	WP_001574277.1	tetracycline efflux MFS transporter Tet(L)	NA	NA	2026-05-15.1	4.2.7
ERR7015346	NA	k141_147628	279	1067	+	sul3	sulfonamide-resistant dihydropteroate synthase Sul3	core	AMR	AMR	SULFONAMIDE	SULFONAMIDE	EXACTX	263	263	100.00	100.00	263	WP_000034420.1	sulfonamide-resistant dihydropteroate synthase Sul3	NA	NA	2026-05-15.1	4.2.7
ERR7015346	NA	k141_159062	2	571	+	blaOXA	OXA-10 family class D beta-lactamase	core	AMR	AMR	BETA-LACTAM	BETA-LACTAM	PARTIAL_CONTIG_ENDX	190	266	71.43	100.00	190	WP_000846390.1	oxacillin-hydrolyzing class D beta-lactamase OXA-10	NA	NA	2026-05-15.1	4.2.7
ERR7015346	NA	k141_159062	673	1107	+	sul2	sulfonamide-resistant dihydropteroate synthase Sul2	core	AMR	AMR	SULFONAMIDE	SULFONAMIDE	PARTIALX	145	271	53.51	100.00	145	WP_001043260.1	sulfonamide-resistant dihydropteroate synthase Sul2	NA	NA	2026-05-15.1	4.2.7
ERR7015346	NA	k141_159062	1171	1971	+	aph(3'')-Ib	aminoglycoside O-phosphotransferase APH(3'')-Ib	core	AMR	AMR	AMINOGLYCOSIDE	STREPTOMYCIN	EXACTX	267	267	100.00	100.00	267	WP_001082319.1	aminoglycoside O-phosphotransferase APH(3'')-Ib	NA	NA	2026-05-15.1	4.2.7
ERR7015346	NA	k141_159062	1974	2591	+	aph(6)-Id	aminoglycoside O-phosphotransferase APH(6)-Id	core	AMR	AMR	AMINOGLYCOSIDE	STREPTOMYCIN	PARTIAL_CONTIG_ENDX	206	278	74.10	100.00	206	WP_000480968.1	aminoglycoside O-phosphotransferase APH(6)-Id	NA	NA	2026-05-15.1	4.2.7
ERR7015346	NA	k141_161366	35	373	+	dfrA31	trimethoprim-resistant dihydrofolate reductase DfrA31	core	AMR	AMR	TRIMETHOPRIM	TRIMETHOPRIM	PARTIAL_CONTIG_ENDX	113	157	71.97	100.00	113	WP_000703246.1	trimethoprim-resistant dihydrofolate reductase DfrA31	NA	NA	2026-05-15.1	4.2.7
ERR7015346	NA	k141_164900	577	1431	+	ant(6)-Ib	aminoglycoside nucleotidyltransferase ANT(6)-Ib	core	AMR	AMR	AMINOGLYCOSIDE	STREPTOMYCIN	EXACTX	285	285	100.00	100.00	285	WP_003454325.1	aminoglycoside nucleotidyltransferase ANT(6)-Ib	NA	NA	2026-05-15.1	4.2.7
ERR7015346	NA	k141_191000	1	1341	-	tet(Q)	tetracycline resistance ribosomal protection protein Tet(Q)	core	AMR	AMR	TETRACYCLINE	TETRACYCLINE	PARTIAL_CONTIG_ENDX	447	641	69.73	99.11	447	WP_004293868.1	tetracycline resistance ribosomal protection protein Tet(Q)	NA	NA	2026-05-15.1	4.2.7
ERR7015346	NA	k141_191034	3	953	+	msr(D)	ABC-F type ribosomal protection protein Msr(D)	core	AMR	AMR	MACROLIDE/STREPTOGRAMIN	AZITHROMYCIN/ERYTHROMYCIN/STREPTOGRAMIN B	PARTIAL_CONTIG_ENDX	317	487	65.09	96.53	317	WP_000420317.1	ABC-F type ribosomal protection protein Msr(D)	NA	NA	2026-05-15.1	4.2.7
ERR7015346	NA	k141_196872	2	1198	+	ere(A)	EreA family erythromycin esterase	core	AMR	AMR	MACROLIDE	ERYTHROMYCIN	BLASTX	399	406	98.28	100.00	399	WP_032084014.1	EreA family erythromycin esterase	NA	NA	2026-05-15.1	4.2.7
ERR7015346	NA	k141_202892	1	708	-	blaRATA	RATA family class A beta-lactamase	core	AMR	AMR	BETA-LACTAM	CEPHALOSPORIN	PARTIAL_CONTIG_ENDX	236	304	77.63	92.37	236	WP_064964607.1	extended-spectrum class A beta-lactamase RATA-1	NA	NA	2026-05-15.1	4.2.7
ERR7015346	NA	k141_204235	2	766	-	ere(A)	EreA family erythromycin esterase	core	AMR	AMR	MACROLIDE	ERYTHROMYCIN	PARTIAL_CONTIG_ENDX	255	408	62.50	99.61	255	WP_021566672.1	EreA family erythromycin esterase	NA	NA	2026-05-15.1	4.2.7
ERR7015346	NA	k141_204963	37	879	-	aadA6	ANT(3'')-Ia family aminoglycoside nucleotidyltransferase AadA6	core	AMR	AMR	AMINOGLYCOSIDE	STREPTOMYCIN	BLASTX	281	281	100.00	99.64	281	WP_022675713.1	ANT(3'')-Ia family aminoglycoside nucleotidyltransferase AadA6	NA	NA	2026-05-15.1	4.2.7
ERR7015346	NA	k141_204963	919	1743	-	blaOXA-2	oxacillin-hydrolyzing class D beta-lactamase OXA-2	core	AMR	AMR	BETA-LACTAM	BETA-LACTAM	ALLELEX	275	275	100.00	100.00	275	WP_001007673.1	oxacillin-hydrolyzing class D beta-lactamase OXA-2	NA	NA	2026-05-15.1	4.2.7
ERR7015346	NA	k141_210002	292	1149	-	blaTEM-1	broad-spectrum class A beta-lactamase TEM-1	core	AMR	AMR	BETA-LACTAM	BETA-LACTAM	ALLELEX	286	286	100.00	100.00	286	WP_000027057.1	broad-spectrum class A beta-lactamase TEM-1	NA	NA	2026-05-15.1	4.2.7
ERR7015346	NA	k141_2129	10303	10794	+	lnu(C)	lincosamide nucleotidyltransferase Lnu(C)	core	AMR	AMR	LINCOSAMIDE	LINCOSAMIDE	BLASTX	164	164	100.00	97.56	164	WP_063851341.1	lincosamide nucleotidyltransferase Lnu(C)	NA	NA	2026-05-15.1	4.2.7
ERR7015346	NA	k141_214611	1194	2054	+	ant(6)-Ia	aminoglycoside nucleotidyltransferase ANT(6)-Ia	core	AMR	AMR	AMINOGLYCOSIDE	STREPTOMYCIN	EXACTX	287	287	100.00	100.00	287	WP_002294505.1	aminoglycoside nucleotidyltransferase ANT(6)-Ia	NA	NA	2026-05-15.1	4.2.7
ERR7015346	NA	k141_214611	3188	4570	+	msr(D)	ABC-F type ribosomal protection protein Msr(D)	core	AMR	AMR	MACROLIDE/STREPTOGRAMIN	AZITHROMYCIN/ERYTHROMYCIN/STREPTOGRAMIN B	BLASTX	461	487	94.66	91.54	461	WP_000420313.1	ABC-F type ribosomal protection protein Msr(D)	NA	NA	2026-05-15.1	4.2.7
ERR7015346	NA	k141_226386	3	671	+	ere(D)	EreD family erythromycin esterase	core	AMR	AMR	MACROLIDE	AZITHROMYCIN/ERYTHROMYCIN	PARTIAL_CONTIG_ENDX	223	408	54.66	99.55	223	WP_015345560.1	EreD family erythromycin esterase	NA	NA	2026-05-15.1	4.2.7
ERR7015346	NA	k141_226393	787	2703	+	tet(W)	tetracycline resistance ribosomal protection protein Tet(W)	core	AMR	AMR	TETRACYCLINE	TETRACYCLINE	EXACTX	639	639	100.00	100.00	639	WP_002586627.1	tetracycline resistance ribosomal protection protein Tet(W)	NA	NA	2026-05-15.1	4.2.7
ERR7015346	NA	k141_227086	4519	6438	-	tet(44)	tetracycline resistance ribosomal protection protein Tet(44)	core	AMR	AMR	TETRACYCLINE	TETRACYCLINE	BLASTX	640	640	100.00	98.91	640	WP_063855884.1	tetracycline resistance ribosomal protection protein Tet(44)	NA	NA	2026-05-15.1	4.2.7
ERR7015346	NA	k141_233707	38	892	+	blaRSA1	RSA1 family class A beta-lactamase	core	AMR	AMR	BETA-LACTAM	CEPHALOSPORIN	BLASTX	285	285	100.00	98.95	285	WP_223292485.1	class A beta-lactamase RSA1-1	NA	NA	2026-05-15.1	4.2.7
ERR7015346	NA	k141_233707	6498	6818	+	ant(2'')-Ia	aminoglycoside nucleotidyltransferase ANT(2'')-Ia	core	AMR	AMR	AMINOGLYCOSIDE	GENTAMICIN/KANAMYCIN/TOBRAMYCIN	PARTIAL_CONTIG_ENDX	107	177	60.45	98.13	107	WP_000381803.1	aminoglycoside nucleotidyltransferase ANT(2'')-Ia	NA	NA	2026-05-15.1	4.2.7
ERR7015346	NA	k141_233711	1	288	-	ant(2'')-Ia	aminoglycoside nucleotidyltransferase ANT(2'')-Ia	core	AMR	AMR	AMINOGLYCOSIDE	GENTAMICIN/KANAMYCIN/TOBRAMYCIN	PARTIAL_CONTIG_ENDX	96	177	54.24	100.00	96	WP_000381803.1	aminoglycoside nucleotidyltransferase ANT(2'')-Ia	NA	NA	2026-05-15.1	4.2.7
ERR7015346	NA	k141_24950	128	928	-	lnu(B)	lincosamide nucleotidyltransferase Lnu(B)	core	AMR	AMR	LINCOSAMIDE	LINCOSAMIDE	BLASTX	267	267	100.00	99.25	267	WP_002294514.1	lincosamide nucleotidyltransferase Lnu(B)	NA	NA	2026-05-15.1	4.2.7
ERR7015346	NA	k141_24950	985	2466	-	lsa(E)	ABC-F type ribosomal protection protein Lsa(E)	core	AMR	AMR	LINCOSAMIDE/STREPTOGRAMIN	LINCOSAMIDE/STREPTOGRAMIN	BLASTX	494	494	100.00	98.58	494	WP_002294513.1	ABC-F type ribosomal protection protein Lsa(E)	NA	NA	2026-05-15.1	4.2.7
ERR7015346	NA	k141_25461	299	1510	-	floR	chloramphenicol/florfenicol efflux MFS transporter FloR	core	AMR	AMR	PHENICOL	CHLORAMPHENICOL/FLORFENICOL	EXACTX	404	404	100.00	100.00	404	WP_000214119.1	chloramphenicol/florfenicol efflux MFS transporter FloR	NA	NA	2026-05-15.1	4.2.7
ERR7015346	NA	k141_266848	221	1033	-	aph(3')-Ia	aminoglycoside O-phosphotransferase APH(3')-Ia	core	AMR	AMR	AMINOGLYCOSIDE	KANAMYCIN	EXACTX	271	271	100.00	100.00	271	WP_000018326.1	aminoglycoside O-phosphotransferase APH(3')-Ia	NA	NA	2026-05-15.1	4.2.7
ERR7015346	NA	k141_272637	80	709	+	catB2	type B-2 chloramphenicol O-acetyltransferase CatB2	core	AMR	AMR	PHENICOL	CHLORAMPHENICOL	EXACTX	210	210	100.00	100.00	210	WP_012477387.1	type B-2 chloramphenicol O-acetyltransferase CatB2	NA	NA	2026-05-15.1	4.2.7
ERR7015346	NA	k141_274765	170	994	-	blaOXA-21	OXA-2 family oxacillin-hydrolyzing class D beta-lactamase OXA-21	core	AMR	AMR	BETA-LACTAM	BETA-LACTAM	ALLELEX	275	275	100.00	100.00	275	WP_014386432.1	OXA-2 family oxacillin-hydrolyzing class D beta-lactamase OXA-21	NA	NA	2026-05-15.1	4.2.7
ERR7015346	NA	k141_275148	1	696	+	blaMCA	MCA family class C beta-lactamase	core	AMR	AMR	BETA-LACTAM	BETA-LACTAM	PARTIAL_CONTIG_ENDX	232	390	59.49	99.57	232	WP_057991970.1	MCA family class C beta-lactamase	NA	NA	2026-05-15.1	4.2.7
ERR7015346	NA	k141_284000	159	653	-	dfrA22	trimethoprim-resistant dihydrofolate reductase DfrA22	core	AMR	AMR	TRIMETHOPRIM	TRIMETHOPRIM	BLASTX	165	165	100.00	98.18	165	WP_032667553.1	trimethoprim-resistant dihydrofolate reductase DfrA22	NA	NA	2026-05-15.1	4.2.7
ERR7015346	NA	k141_284038	1325	2551	-	mef(B)	macrolide efflux MFS transporter Mef(B)	core	AMR	AMR	MACROLIDE	AZITHROMYCIN/ERYTHROMYCIN	BLASTX	409	409	100.00	94.87	409	WP_032492336.1	macrolide efflux MFS transporter Mef(B)	NA	NA	2026-05-15.1	4.2.7
ERR7015346	NA	k141_285967	264	1127	+	aadE	aminoglycoside 6-adenylyltransferase AadE	core	AMR	AMR	AMINOGLYCOSIDE	STREPTOMYCIN	BLASTX	288	288	100.00	99.31	288	WP_001255868.1	aminoglycoside 6-adenylyltransferase AadE	NA	NA	2026-05-15.1	4.2.7
ERR7015346	NA	k141_287307	371	997	+	cmx	chloramphenicol efflux MFS transporter Cmx	core	AMR	AMR	PHENICOL	CHLORAMPHENICOL	PARTIAL_CONTIG_ENDX	209	391	53.45	100.00	209	WP_005297378.1	chloramphenicol efflux MFS transporter Cmx	NA	NA	2026-05-15.1	4.2.7
ERR7015346	NA	k141_289387	614	1105	+	dfrF	trimethoprim-resistant dihydrofolate reductase DfrF	core	AMR	AMR	TRIMETHOPRIM	TRIMETHOPRIM	EXACTX	164	164	100.00	100.00	164	WP_002322211.1	trimethoprim-resistant dihydrofolate reductase DfrF	NA	NA	2026-05-15.1	4.2.7
ERR7015346	NA	k141_295826	370	2280	+	tet(36)	tetracycline resistance ribosomal protection protein Tet(36)	core	AMR	AMR	TETRACYCLINE	TETRACYCLINE	BLASTX	637	640	99.53	92.94	637	WP_006744283.1	tetracycline resistance ribosomal protection protein Tet(36)	NA	NA	2026-05-15.1	4.2.7
ERR7015346	NA	k141_296639	725	1531	-	spw	ANT(9) family aminoglycoside nucleotidyltransferase Spw	core	AMR	AMR	AMINOGLYCOSIDE	AMINOGLYCOSIDE	EXACTX	269	269	100.00	100.00	269	WP_002294509.1	ANT(9) family aminoglycoside nucleotidyltransferase Spw	NA	NA	2026-05-15.1	4.2.7
ERR7015346	NA	k141_297437	657	1391	+	erm(B)	23S rRNA (adenine(2058)-N(6))-methyltransferase Erm(B)	core	AMR	AMR	LINCOSAMIDE/MACROLIDE/STREPTOGRAMIN	CLINDAMYCIN/ERYTHROMYCIN/STREPTOGRAMIN B	BLASTX	245	245	100.00	99.59	245	WP_001038795.1	23S rRNA (adenine(2058)-N(6))-methyltransferase Erm(B)	NA	NA	2026-05-15.1	4.2.7
ERR7015346	NA	k141_306416	3	638	-	ere(D)	EreD family erythromycin esterase	core	AMR	AMR	MACROLIDE	AZITHROMYCIN/ERYTHROMYCIN	PARTIAL_CONTIG_ENDX	212	408	51.96	99.06	212	WP_015345560.1	EreD family erythromycin esterase	NA	NA	2026-05-15.1	4.2.7
ERR7015346	NA	k141_307633	115	594	-	blaOXA	OXA-1327 family class D beta-lactamase	core	AMR	AMR	BETA-LACTAM	BETA-LACTAM	PARTIAL_CONTIG_ENDX	160	285	56.14	90.62	160	WP_077564355.1	class D beta-lactamase OXA-1327	NA	NA	2026-05-15.1	4.2.7
ERR7015346	NA	k141_322457	341	961	+	catA13	type A-13 chloramphenicol O-acetyltransferase	core	AMR	AMR	PHENICOL	CHLORAMPHENICOL	BLASTX	207	207	100.00	100.00	207	WP_043774378.1	type A-13 chloramphenicol O-acetyltransferase	NA	NA	2026-05-15.1	4.2.7
ERR7015346	NA	k141_328772	3	1502	+	tet(32)	tetracycline resistance ribosomal protection protein Tet(32)	core	AMR	AMR	TETRACYCLINE	TETRACYCLINE	PARTIAL_CONTIG_ENDX	500	639	78.25	99.60	500	WP_002602099.1	tetracycline resistance ribosomal protection protein Tet(32)	NA	NA	2026-05-15.1	4.2.7
ERR7015346	NA	k141_339134	117	896	+	lnu(H)	lincosamide nucleotidyltransferase Lnu(H)	core	AMR	AMR	LINCOSAMIDE	LINCOSAMIDE	BLASTX	260	260	100.00	94.23	260	WP_051021433.1	lincosamide nucleotidyltransferase Lnu(H)	NA	NA	2026-05-15.1	4.2.7
ERR7015346	NA	k141_3720	285	938	-	qnrVC4	quinolone resistance pentapeptide repeat protein QnrVC4	core	AMR	AMR	QUINOLONE	QUINOLONE	ALLELEX	218	218	100.00	100.00	218	WP_000361704.1	quinolone resistance pentapeptide repeat protein QnrVC4	NA	NA	2026-05-15.1	4.2.7
ERR7015346	NA	k141_372174	1	606	-	catP	type A-11 chloramphenicol O-acetyltransferase CatP	core	AMR	AMR	PHENICOL	CHLORAMPHENICOL	BLASTX	202	207	97.58	100.00	202	WP_002570989.1	type A-11 chloramphenicol O-acetyltransferase CatP	NA	NA	2026-05-15.1	4.2.7
ERR7015346	NA	k141_3733	158	628	+	dfrA15	trimethoprim-resistant dihydrofolate reductase DfrA15	core	AMR	AMR	TRIMETHOPRIM	TRIMETHOPRIM	EXACTX	157	157	100.00	100.00	157	WP_001355915.1	trimethoprim-resistant dihydrofolate reductase DfrA15	NA	NA	2026-05-15.1	4.2.7
ERR7015346	NA	k141_375817	17286	17795	-	lnu(AN2)	lincosamide nucleotidyltransferase Lnu(AN2)	core	AMR	AMR	LINCOSAMIDE	LINCOSAMIDE	EXACTX	170	170	100.00	100.00	170	WP_004308783.1	lincosamide nucleotidyltransferase Lnu(AN2)	NA	NA	2026-05-15.1	4.2.7
ERR7015346	NA	k141_375817	17823	19025	-	mef(En2)	macrolide efflux MFS transporter Mef(En2)	core	AMR	AMR	MACROLIDE	MACROLIDE	BLASTX	401	401	100.00	99.50	401	WP_063853729.1	macrolide efflux MFS transporter Mef(En2)	NA	NA	2026-05-15.1	4.2.7
ERR7015346	NA	k141_382679	109	1323	-	mef(A)	macrolide efflux MFS transporter Mef(A)	core	AMR	AMR	MACROLIDE	AZITHROMYCIN/ERYTHROMYCIN	BLASTX	405	405	100.00	96.79	405	WP_063853689.1	macrolide efflux MFS transporter Mef(A)	NA	NA	2026-05-15.1	4.2.7
ERR7015346	NA	k141_382680	6032	7060	+	mef(A)	macrolide efflux MFS transporter Mef(A)	core	AMR	AMR	MACROLIDE	AZITHROMYCIN/ERYTHROMYCIN	PARTIALX	343	405	84.69	97.96	343	WP_063853602.1	macrolide efflux MFS transporter Mef(A)	NA	NA	2026-05-15.1	4.2.7
ERR7015346	NA	k141_385952	634	1977	+	tet(Q)	tetracycline resistance ribosomal protection protein Tet(Q)	core	AMR	AMR	TETRACYCLINE	TETRACYCLINE	PARTIAL_CONTIG_ENDX	448	641	69.89	98.44	448	WP_002560998.1	tetracycline resistance ribosomal protection protein Tet(Q)	NA	NA	2026-05-15.1	4.2.7
ERR7015346	NA	k141_388963	496	1659	+	tet(X2)	tetracycline-inactivating monooxygenase Tet(X2)	core	AMR	AMR	TETRACYCLINE	TIGECYCLINE	EXACTX	388	388	100.00	100.00	388	WP_008651082.1	tetracycline-inactivating monooxygenase Tet(X2)	NA	NA	2026-05-15.1	4.2.7
ERR7015346	NA	k141_391157	3	1268	-	msr(D)	ABC-F type ribosomal protection protein Msr(D)	core	AMR	AMR	MACROLIDE/STREPTOGRAMIN	AZITHROMYCIN/ERYTHROMYCIN/STREPTOGRAMIN B	PARTIAL_CONTIG_ENDX	422	487	86.65	93.84	422	WP_000420313.1	ABC-F type ribosomal protection protein Msr(D)	NA	NA	2026-05-15.1	4.2.7
ERR7015346	NA	k141_396822	9632	10792	+	tmexC3	multidrug efflux RND transporter periplasmic adaptor subunit TMexC3	core	AMR	AMR	TETRACYCLINE	TIGECYCLINE	ALLELEX	387	387	100.00	100.00	387	WP_034039546.1	multidrug efflux RND transporter periplasmic adaptor subunit TMexC3	NA	NA	2026-05-15.1	4.2.7
ERR7015346	NA	k141_396822	10811	13942	+	tmexD	multidrug efflux RND transporter permease subunit TMexD	core	AMR	AMR	TETRACYCLINE	TIGECYCLINE	BLASTX	1044	1044	100.00	99.43	1044	WP_027591160.1	multidrug efflux RND transporter permease subunit TMexD2	NA	NA	2026-05-15.1	4.2.7
ERR7015346	NA	k141_396822	13950	15380	+	toprJ1	multidrug efflux transporter outer membrane subunit TOprJ1	core	AMR	AMR	TETRACYCLINE	TIGECYCLINE	ALLELEX	477	477	100.00	100.00	477	WP_003152694.1	multidrug efflux transporter outer membrane subunit TOprJ1	NA	NA	2026-05-15.1	4.2.7
ERR7015346	NA	k141_41514	219	1004	-	aadA4	ANT(3'')-Ia family aminoglycoside nucleotidyltransferase AadA4	core	AMR	AMR	AMINOGLYCOSIDE	STREPTOMYCIN	EXACTX	262	262	100.00	100.00	262	WP_004356282.1	ANT(3'')-Ia family aminoglycoside nucleotidyltransferase AadA4	NA	NA	2026-05-15.1	4.2.7
ERR7015346	NA	k141_422046	107	802	+	mef(A)	macrolide efflux MFS transporter Mef(A)	core	AMR	AMR	MACROLIDE	AZITHROMYCIN/ERYTHROMYCIN	PARTIAL_CONTIG_ENDX	232	405	57.28	96.98	232	WP_063853602.1	macrolide efflux MFS transporter Mef(A)	NA	NA	2026-05-15.1	4.2.7
ERR7015346	NA	k141_42287	740	1576	-	sul1	sulfonamide-resistant dihydropteroate synthase Sul1	core	AMR	AMR	SULFONAMIDE	SULFONAMIDE	EXACTX	279	279	100.00	100.00	279	WP_000259031.1	sulfonamide-resistant dihydropteroate synthase Sul1	NA	NA	2026-05-15.1	4.2.7
ERR7015346	NA	k141_42287	1573	1917	-	qacEdelta1	quaternary ammonium compound efflux SMR transporter QacE delta 1	core	STRESS	BIOCIDE	QUATERNARY AMMONIUM	QUATERNARY AMMONIUM	ALLELEX	115	115	100.00	100.00	115	WP_000679427.1	quaternary ammonium compound efflux SMR transporter QacE delta 1	NA	NA	2026-05-15.1	4.2.7
ERR7015346	NA	k141_42287	2068	2886	-	lnu(F)	lincosamide nucleotidyltransferase Lnu(F)	core	AMR	AMR	LINCOSAMIDE	LINCOSAMIDE	EXACTX	273	273	100.00	100.00	273	WP_070342360.1	lincosamide nucleotidyltransferase Lnu(F)	NA	NA	2026-05-15.1	4.2.7
ERR7015346	NA	k141_423015	9032	9994	-	cfxA	CfxA family broad-spectrum class A beta-lactamase	core	AMR	AMR	BETA-LACTAM	BETA-LACTAM	EXACTX	321	321	100.00	100.00	321	WP_004339683.1	CfxA family broad-spectrum class A beta-lactamase	NA	NA	2026-05-15.1	4.2.7
ERR7015346	NA	k141_423358	605	1363	+	blaOXA-1108	class D beta-lactamase OXA-1108	core	AMR	AMR	BETA-LACTAM	BETA-LACTAM	ALLELEX	253	253	100.00	100.00	253	WP_237920325.1	class D beta-lactamase OXA-1108	NA	NA	2026-05-15.1	4.2.7
ERR7015346	NA	k141_42950	835	1326	-	lnu(C)	lincosamide nucleotidyltransferase Lnu(C)	core	AMR	AMR	LINCOSAMIDE	LINCOSAMIDE	BLASTX	164	164	100.00	91.46	164	WP_063851341.1	lincosamide nucleotidyltransferase Lnu(C)	NA	NA	2026-05-15.1	4.2.7
ERR7015346	NA	k141_431230	2	835	-	blaAER	AER family class A beta-lactamase	core	AMR	AMR	BETA-LACTAM	BETA-LACTAM	BLASTX	278	304	91.45	99.28	278	WP_063857819.1	carbenicillin-hydrolyzing class A beta-lactamase AER-1	NA	NA	2026-05-15.1	4.2.7
ERR7015346	NA	k141_441862	929	1660	-	erm(G)	23S rRNA (adenine(2058)-N(6))-methyltransferase Erm(G)	core	AMR	AMR	LINCOSAMIDE/MACROLIDE/STREPTOGRAMIN	ERYTHROMYCIN/LINCOSAMIDE/STREPTOGRAMIN/TYLOSIN	BLASTX	244	244	100.00	94.67	244	WP_014387027.1	23S rRNA (adenine(2058)-N(6))-methyltransferase Erm(G)	NA	NA	2026-05-15.1	4.2.7
ERR7015346	NA	k141_445478	299	1126	+	blaOXA-1	oxacillin-hydrolyzing class D beta-lactamase OXA-1	core	AMR	AMR	BETA-LACTAM	CEPHALOSPORIN	ALLELEX	276	276	100.00	100.00	276	WP_001334766.1	oxacillin-hydrolyzing class D beta-lactamase OXA-1	NA	NA	2026-05-15.1	4.2.7
ERR7015346	NA	k141_445478	1268	1897	+	catB3	type B-3 chloramphenicol O-acetyltransferase CatB3	core	AMR	AMR	PHENICOL	CHLORAMPHENICOL	EXACTX	210	210	100.00	100.00	210	WP_000186237.1	type B-3 chloramphenicol O-acetyltransferase CatB3	NA	NA	2026-05-15.1	4.2.7
ERR7015346	NA	k141_451336	3	449	-	erm(G)	23S rRNA (adenine(2058)-N(6))-methyltransferase Erm(G)	core	AMR	AMR	LINCOSAMIDE/MACROLIDE/STREPTOGRAMIN	ERYTHROMYCIN/LINCOSAMIDE/STREPTOGRAMIN/TYLOSIN	PARTIAL_CONTIG_ENDX	149	244	61.07	100.00	149	WP_014387027.1	23S rRNA (adenine(2058)-N(6))-methyltransferase Erm(G)	NA	NA	2026-05-15.1	4.2.7
ERR7015346	NA	k141_461377	118	999	-	mph(G)	Mph(G) family macrolide 2'-phosphotransferase	core	AMR	AMR	MACROLIDE	ERYTHROMYCIN	EXACTX	294	294	100.00	100.00	294	WP_014386803.1	Mph(G) family macrolide 2'-phosphotransferase	NA	NA	2026-05-15.1	4.2.7
ERR7015346	NA	k141_461377	1007	2227	-	mef(C)	macrolide efflux MFS transporter Mef(C)	core	AMR	AMR	MACROLIDE	ERYTHROMYCIN	BLASTX	407	407	100.00	99.75	407	WP_014386804.1	macrolide efflux MFS transporter Mef(C)	NA	NA	2026-05-15.1	4.2.7
ERR7015346	NA	k141_472409	1	267	-	aac(6')-Il	aminoglycoside N-acetyltransferase AAC(6')-Il	core	AMR	AMR	AMINOGLYCOSIDE	AMIKACIN/KANAMYCIN/TOBRAMYCIN	PARTIAL_CONTIG_ENDX	89	152	58.55	100.00	89	WP_013263788.1	aminoglycoside N-acetyltransferase AAC(6')-Il	NA	NA	2026-05-15.1	4.2.7
ERR7015346	NA	k141_473133	181	1404	+	mef(A)	macrolide efflux MFS transporter Mef(A)	core	AMR	AMR	MACROLIDE	AZITHROMYCIN/ERYTHROMYCIN	BLASTX	408	408	100.00	98.53	408	WP_063853698.1	macrolide efflux MFS transporter Mef(A)	NA	NA	2026-05-15.1	4.2.7
ERR7015346	NA	k141_483361	156	626	+	dfrA7	trimethoprim-resistant dihydrofolate reductase DfrA7	core	AMR	AMR	TRIMETHOPRIM	TRIMETHOPRIM	EXACTX	157	157	100.00	100.00	157	WP_000703418.1	trimethoprim-resistant dihydrofolate reductase DfrA7	NA	NA	2026-05-15.1	4.2.7
ERR7015346	NA	k141_483371	175	504	-	qacF	quaternary ammonium compound efflux SMR transporter QacF	core	STRESS	BIOCIDE	QUATERNARY AMMONIUM	QUATERNARY AMMONIUM	EXACTX	110	110	100.00	100.00	110	WP_043876060.1	quaternary ammonium compound efflux SMR transporter QacF	NA	NA	2026-05-15.1	4.2.7
ERR7015346	NA	k141_491754	192	542	-	ant(2'')-Ia	aminoglycoside nucleotidyltransferase ANT(2'')-Ia	core	AMR	AMR	AMINOGLYCOSIDE	GENTAMICIN/KANAMYCIN/TOBRAMYCIN	PARTIAL_CONTIG_ENDX	117	177	66.10	100.00	117	WP_000381803.1	aminoglycoside nucleotidyltransferase ANT(2'')-Ia	NA	NA	2026-05-15.1	4.2.7
ERR7015346	NA	k141_492812	156	995	-	blaOXA-58	carbapenem-hydrolyzing class D beta-lactamase OXA-58	core	AMR	AMR	BETA-LACTAM	CARBAPENEM	ALLELEX	280	280	100.00	100.00	280	WP_002002480.1	carbapenem-hydrolyzing class D beta-lactamase OXA-58	NA	NA	2026-05-15.1	4.2.7
ERR7015346	NA	k141_512139	108	905	+	blaOXA-732	class D beta-lactamase OXA-732	core	AMR	AMR	BETA-LACTAM	BETA-LACTAM	ALLELEX	266	266	100.00	100.00	266	WP_072678505.1	class D beta-lactamase OXA-732	NA	NA	2026-05-15.1	4.2.7
ERR7015346	NA	k141_512249	217	969	-	blaRSD2	RSD2 family class D beta-lactamase	core	AMR	AMR	BETA-LACTAM	BETA-LACTAM	BLASTX	251	252	100.00	99.21	252	WP_128268285.1	class D beta-lactamase RSD2-2	NA	NA	2026-05-15.1	4.2.7
ERR7015346	NA	k141_521689	307	1449	+	blaCMY-4	extended-spectrum class C beta-lactamase CMY-4	core	AMR	AMR	BETA-LACTAM	CEPHALOSPORIN	ALLELEX	381	381	100.00	100.00	381	WP_015056382.1	extended-spectrum class C beta-lactamase CMY-4	NA	NA	2026-05-15.1	4.2.7
ERR7015346	NA	k141_524809	590	1060	-	dfrA14	trimethoprim-resistant dihydrofolate reductase DfrA14	core	AMR	AMR	TRIMETHOPRIM	TRIMETHOPRIM	EXACTX	157	157	100.00	100.00	157	WP_004201280.1	trimethoprim-resistant dihydrofolate reductase DfrA14	NA	NA	2026-05-15.1	4.2.7
ERR7015346	NA	k141_525660	1	615	-	blaMCA	MCA family class C beta-lactamase	core	AMR	AMR	BETA-LACTAM	BETA-LACTAM	PARTIAL_CONTIG_ENDX	205	390	52.56	99.02	205	WP_057991970.1	MCA family class C beta-lactamase	NA	NA	2026-05-15.1	4.2.7
ERR7015346	NA	k141_528162	1	426	+	aac(6')-IIa	aminoglycoside N-acetyltransferase AAC(6')-IIa	core	AMR	AMR	AMINOGLYCOSIDE	GENTAMICIN/KANAMYCIN/TOBRAMYCIN	PARTIAL_CONTIG_ENDX	142	184	77.17	100.00	142	WP_023622803.1	aminoglycoside N-acetyltransferase AAC(6')-IIa	NA	NA	2026-05-15.1	4.2.7
ERR7015346	NA	k141_543335	1125	1649	-	nimA	5-nitroimidazole reductase NimA	core	AMR	AMR	NITROIMIDAZOLE	NITROIMIDAZOLE	INTERNAL_STOP	175	176	99.43	92.00	175	WP_032488596.1	5-nitroimidazole reductase NimA	NA	NA	2026-05-15.1	4.2.7
ERR7015346	NA	k141_549350	3	602	+	catA13	type A-13 chloramphenicol O-acetyltransferase	core	AMR	AMR	PHENICOL	CHLORAMPHENICOL	BLASTX	200	207	96.62	100.00	200	WP_040564913.1	type A-13 chloramphenicol O-acetyltransferase	NA	NA	2026-05-15.1	4.2.7
ERR7015346	NA	k141_560209	200	1459	+	tetA(P)	tetracycline efflux MFS transporter TetA(P)	core	AMR	AMR	TETRACYCLINE	TETRACYCLINE	BLASTX	420	420	100.00	99.29	420	WP_006440994.1	tetracycline efflux MFS transporter TetA(P)	NA	NA	2026-05-15.1	4.2.7
ERR7015346	NA	k141_560209	1446	2873	+	tetB(P)	tetracycline resistance ribosomal protection protein TetB(P)	core	AMR	AMR	TETRACYCLINE	TETRACYCLINE	PARTIAL_CONTIG_ENDX	476	652	73.01	97.06	476	WP_012478245.1	tetracycline resistance ribosomal protection protein TetB(P)	NA	NA	2026-05-15.1	4.2.7
ERR7015346	NA	k141_571172	5681	6544	+	blaSCO-1	class A beta-lactamase SCO-1	core	AMR	AMR	BETA-LACTAM	BETA-LACTAM	ALLELEX	288	288	100.00	100.00	288	WP_004197546.1	class A beta-lactamase SCO-1	NA	NA	2026-05-15.1	4.2.7
ERR7015346	NA	k141_590222	122	1582	+	msr(D)	ABC-F type ribosomal protection protein Msr(D)	core	AMR	AMR	MACROLIDE/STREPTOGRAMIN	AZITHROMYCIN/ERYTHROMYCIN/STREPTOGRAMIN B	BLASTX	487	487	100.00	92.20	487	WP_000420313.1	ABC-F type ribosomal protection protein Msr(D)	NA	NA	2026-05-15.1	4.2.7
ERR7015346	NA	k141_59408	1	507	+	blaOXA	OXA-10 family class D beta-lactamase	core	AMR	AMR	BETA-LACTAM	BETA-LACTAM	PARTIAL_CONTIG_ENDX	169	266	63.53	99.41	169	WP_063860937.1	OXA-10 family class D beta-lactamase OXA-101	NA	NA	2026-05-15.1	4.2.7
ERR7015346	NA	k141_59411	234	563	-	qacG2	quaternary ammonium compound efflux SMR transporter QacG2	core	STRESS	BIOCIDE	QUATERNARY AMMONIUM	QUATERNARY AMMONIUM	BLASTX	110	110	100.00	91.82	110	WP_003830719.1	quaternary ammonium compound efflux SMR transporter QacG2	NA	NA	2026-05-15.1	4.2.7
ERR7015346	NA	k141_594725	380	1636	-	cmlA5	chloramphenicol efflux MFS transporter CmlA5	core	AMR	AMR	PHENICOL	CHLORAMPHENICOL	EXACTX	419	419	100.00	100.00	419	WP_012300772.1	chloramphenicol efflux MFS transporter CmlA5	NA	NA	2026-05-15.1	4.2.7
ERR7015346	NA	k141_594725	1960	2409	-	arr-2	NAD(+)--rifampin ADP-ribosyltransferase Arr-2	core	AMR	AMR	RIFAMYCIN	RIFAMYCIN	ALLELEX	150	150	100.00	100.00	150	WP_000237816.1	NAD(+)--rifampin ADP-ribosyltransferase Arr-2	NA	NA	2026-05-15.1	4.2.7
ERR7015346	NA	k141_598704	553	2469	-	tet(O)	tetracycline resistance ribosomal protection protein Tet(O)	core	AMR	AMR	TETRACYCLINE	TETRACYCLINE	BLASTX	639	639	100.00	99.84	639	WP_012669445.1	tetracycline resistance ribosomal protection protein Tet(O)	NA	NA	2026-05-15.1	4.2.7
ERR7015346	NA	k141_599060	201	1064	-	blaCARB-2	PSE family carbenicillin-hydrolyzing class A beta-lactamase CARB-2	core	AMR	AMR	BETA-LACTAM	BETA-LACTAM	ALLELEX	288	288	100.00	100.00	288	WP_001931474.1	PSE family carbenicillin-hydrolyzing class A beta-lactamase CARB-2	NA	NA	2026-05-15.1	4.2.7
ERR7015346	NA	k141_599060	1232	1702	-	dfrA16	trimethoprim-resistant dihydrofolate reductase DfrA16	core	AMR	AMR	TRIMETHOPRIM	TRIMETHOPRIM	EXACTX	157	157	100.00	100.00	157	WP_032490158.1	trimethoprim-resistant dihydrofolate reductase DfrA16	NA	NA	2026-05-15.1	4.2.7
ERR7015346	NA	k141_599551	2	1189	+	tet(A)	tetracycline efflux MFS transporter Tet(A)	core	AMR	AMR	TETRACYCLINE	TETRACYCLINE	BLASTX	396	399	99.25	100.00	396	WP_000804064.1	tetracycline efflux MFS transporter Tet(A)	NA	NA	2026-05-15.1	4.2.7
ERR7015346	NA	k141_599551	12224	13102	-	bla	class A beta-lactamase	core	AMR	AMR	BETA-LACTAM	BETA-LACTAM	EXACTX	293	293	100.00	100.00	293	WP_011270171.1	class A beta-lactamase	NA	NA	2026-05-15.1	4.2.7
ERR7015346	NA	k141_6055	242	895	+	qnrVC1	quinolone resistance pentapeptide repeat protein QnrVC1	core	AMR	AMR	QUINOLONE	QUINOLONE	ALLELEX	218	218	100.00	100.00	218	WP_000415714.1	quinolone resistance pentapeptide repeat protein QnrVC1	NA	NA	2026-05-15.1	4.2.7
ERR7015346	NA	k141_610706	1171	2073	+	aph(2'')-IVa	aminoglycoside O-phosphotransferase APH(2'')-IVa	core	AMR	AMR	AMINOGLYCOSIDE	AMIKACIN/GENTAMICIN/KANAMYCIN/PLAZOMICIN/TOBRAMYCIN	EXACTX	301	301	100.00	100.00	301	WP_021401024.1	aminoglycoside O-phosphotransferase APH(2'')-IVa	NA	NA	2026-05-15.1	4.2.7
ERR7015346	NA	k141_635083	2182	3162	+	tet(33)	tetracycline efflux MFS transporter Tet(33)	core	AMR	AMR	TETRACYCLINE	TETRACYCLINE	PARTIAL_CONTIG_ENDX	327	407	80.34	99.39	327	WP_109545038.1	tetracycline efflux MFS transporter Tet(33)	NA	NA	2026-05-15.1	4.2.7
ERR7015346	NA	k141_640193	73	324	-	dfrA32	trimethoprim-resistant dihydrofolate reductase DfrA32	core	AMR	AMR	TRIMETHOPRIM	TRIMETHOPRIM	PARTIAL_CONTIG_ENDX	84	157	53.50	100.00	84	WP_032084013.1	trimethoprim-resistant dihydrofolate reductase DfrA32	NA	NA	2026-05-15.1	4.2.7
ERR7015346	NA	k141_659917	1897	3114	+	mef(B)	macrolide efflux MFS transporter Mef(B)	core	AMR	AMR	MACROLIDE	AZITHROMYCIN/ERYTHROMYCIN	BLASTX	406	409	99.27	90.15	406	WP_032492336.1	macrolide efflux MFS transporter Mef(B)	NA	NA	2026-05-15.1	4.2.7
ERR7015346	NA	k141_66763	3136	4047	-	blaRATA	RATA family class A beta-lactamase	core	AMR	AMR	BETA-LACTAM	CEPHALOSPORIN	BLASTX	304	304	100.00	92.43	304	WP_154469535.1	extended-spectrum class A beta-lactamase RATA-2	NA	NA	2026-05-15.1	4.2.7
ERR7015346	NA	k141_667945	1	726	+	cfxA6	broad-spectrum class A beta-lactamase CfxA6	core	AMR	AMR	BETA-LACTAM	BETA-LACTAM	PARTIAL_CONTIG_ENDX	242	320	75.62	99.17	242	WP_117664257.1	broad-spectrum class A beta-lactamase CfxA6	NA	NA	2026-05-15.1	4.2.7
ERR7015346	NA	k141_672265	460	1644	-	tet(39)	tetracycline efflux MFS transporter Tet(39)	core	AMR	AMR	TETRACYCLINE	TETRACYCLINE	EXACTX	395	395	100.00	100.00	395	WP_004856455.1	tetracycline efflux MFS transporter Tet(39)	NA	NA	2026-05-15.1	4.2.7
ERR7015346	NA	k141_690136	3	845	+	blaVEB	VEB family extended-spectrum class A beta-lactamase	core	AMR	AMR	BETA-LACTAM	CEPHALOSPORIN	BLASTX	281	299	93.98	100.00	281	WP_000706731.1	inhibitor-resistant extended-spectrum class A beta-lactamase VEB-1	NA	NA	2026-05-15.1	4.2.7
ERR7015346	NA	k141_698076	1	1473	+	tet(M)	tetracycline resistance ribosomal protection protein Tet(M)	core	AMR	AMR	TETRACYCLINE	TETRACYCLINE	PARTIAL_CONTIG_ENDX	491	639	76.84	99.80	491	WP_000691736.1	tetracycline resistance ribosomal protection protein Tet(M)	NA	NA	2026-05-15.1	4.2.7
ERR7015346	NA	k141_708856	10759	11985	-	mef(B)	macrolide efflux MFS transporter Mef(B)	core	AMR	AMR	MACROLIDE	AZITHROMYCIN/ERYTHROMYCIN	BLASTX	409	409	100.00	97.31	409	WP_032492336.1	macrolide efflux MFS transporter Mef(B)	NA	NA	2026-05-15.1	4.2.7
ERR7015346	NA	k141_715374	23	790	-	lnu(I)	lincosamide nucleotidyltransferase Lnu(I)	core	AMR	AMR	LINCOSAMIDE	LINCOSAMIDE	EXACTX	256	256	100.00	100.00	256	WP_008992950.1	lincosamide nucleotidyltransferase Lnu(I)	NA	NA	2026-05-15.1	4.2.7
ERR7015346	NA	k141_71772	572	1444	+	blaCTX-M-15	extended-spectrum class A beta-lactamase CTX-M-15	core	AMR	AMR	BETA-LACTAM	CEPHALOSPORIN	ALLELEX	291	291	100.00	100.00	291	WP_000239590.1	extended-spectrum class A beta-lactamase CTX-M-15	NA	NA	2026-05-15.1	4.2.7
ERR7015346	NA	k141_724016	3	890	-	erm(52)	23S rRNA (adenine(2058)-N(6))-methyltransferase Erm(52)	core	AMR	AMR	MACROLIDE	MACROLIDE	BLASTX	296	309	95.79	99.32	296	WP_002571018.1	23S rRNA (adenine(2058)-N(6))-methyltransferase Erm(52)	NA	NA	2026-05-15.1	4.2.7
ERR7015346	NA	k141_731205	3159	4331	-	tet(G)	tetracycline efflux MFS transporter Tet(G)	core	AMR	AMR	TETRACYCLINE	TETRACYCLINE	EXACTX	391	391	100.00	100.00	391	WP_001257840.1	tetracycline efflux MFS transporter Tet(G)	NA	NA	2026-05-15.1	4.2.7
ERR7015346	NA	k141_731205	5271	6482	-	floR2	chloramphenicol/florfenicol efflux MFS transporter FloR2	core	AMR	AMR	PHENICOL	CHLORAMPHENICOL/FLORFENICOL	EXACTX	404	404	100.00	100.00	404	WP_000214125.1	chloramphenicol/florfenicol efflux MFS transporter FloR2	NA	NA	2026-05-15.1	4.2.7
ERR7015346	NA	k141_736955	297	1514	+	tet(40)	tetracycline efflux MFS transporter Tet(40)	core	AMR	AMR	TETRACYCLINE	TETRACYCLINE	BLASTX	406	406	100.00	99.26	406	WP_015573055.1	tetracycline efflux MFS transporter Tet(40)	NA	NA	2026-05-15.1	4.2.7
ERR7015346	NA	k141_737896	201	434	+	dfrB5	trimethoprim-resistant dihydrofolate reductase DfrB5	core	AMR	AMR	TRIMETHOPRIM	TRIMETHOPRIM	EXACTX	78	78	100.00	100.00	78	WP_063844482.1	trimethoprim-resistant dihydrofolate reductase DfrB5	NA	NA	2026-05-15.1	4.2.7
ERR7015346	NA	k141_739359	5585	6118	-	aac(6')-Im	aminoglycoside N-acetyltransferase AAC(6')-Im	core	AMR	AMR	AMINOGLYCOSIDE	AMIKACIN/KANAMYCIN/TOBRAMYCIN	EXACTX	178	178	100.00	100.00	178	WP_010708502.1	aminoglycoside N-acetyltransferase AAC(6')-Im	NA	NA	2026-05-15.1	4.2.7
ERR7015346	NA	k141_739359	6165	7061	-	aph(2'')-IIa	aminoglycoside O-phosphotransferase APH(2'')-IIa	core	AMR	AMR	AMINOGLYCOSIDE	AMIKACIN/GENTAMICIN/KANAMYCIN/TOBRAMYCIN	BLASTX	299	299	100.00	99.67	299	WP_063840674.1	aminoglycoside O-phosphotransferase APH(2'')-IIa	NA	NA	2026-05-15.1	4.2.7
ERR7015346	NA	k141_747752	1633	2493	+	sul4	sulfonamide-resistant dihydropteroate synthase Sul4	core	AMR	AMR	SULFONAMIDE	SULFONAMIDE	EXACTX	287	287	100.00	100.00	287	WP_102607457.1	sulfonamide-resistant dihydropteroate synthase Sul4	NA	NA	2026-05-15.1	4.2.7
ERR7015346	NA	k141_751878	6068	6490	+	sul2	sulfonamide-resistant dihydropteroate synthase Sul2	core	AMR	AMR	SULFONAMIDE	SULFONAMIDE	PARTIALX	141	271	52.03	91.49	141	WP_001043260.1	sulfonamide-resistant dihydropteroate synthase Sul2	NA	NA	2026-05-15.1	4.2.7
ERR7015346	NA	k141_751878	7286	7864	+	aac(6')-IIc	aminoglycoside N-acetyltransferase AAC(6')-IIc	core	AMR	AMR	AMINOGLYCOSIDE	GENTAMICIN/KANAMYCIN/TOBRAMYCIN	EXACTX	193	193	100.00	100.00	193	WP_012695484.1	aminoglycoside N-acetyltransferase AAC(6')-IIc	NA	NA	2026-05-15.1	4.2.7
ERR7015346	NA	k141_755606	621	1439	-	lnu(F)	lincosamide nucleotidyltransferase Lnu(F)	core	AMR	AMR	LINCOSAMIDE	LINCOSAMIDE	BLASTX	273	273	100.00	99.27	273	WP_000939727.1	lincosamide nucleotidyltransferase Lnu(F)	NA	NA	2026-05-15.1	4.2.7
ERR7015346	NA	k141_757096	733	2169	+	aac(6')-Ie/aph(2'')-Ia	bifunctional aminoglycoside N-acetyltransferase AAC(6')-Ie/aminoglycoside O-phosphotransferase APH(2'')-Ia	core	AMR	AMR	AMINOGLYCOSIDE	AMIKACIN/GENTAMICIN/KANAMYCIN/TOBRAMYCIN	EXACTX	479	479	100.00	100.00	479	WP_001028144.1	bifunctional aminoglycoside N-acetyltransferase AAC(6')-Ie/aminoglycoside O-phosphotransferase APH(2'')-Ia	NA	NA	2026-05-15.1	4.2.7
ERR7015346	NA	k141_759899	191	1363	+	mef(A)	macrolide efflux MFS transporter Mef(A)	core	AMR	AMR	MACROLIDE	AZITHROMYCIN/ERYTHROMYCIN	BLASTX	391	405	96.54	95.65	391	WP_063853563.1	macrolide efflux MFS transporter Mef(A)	NA	NA	2026-05-15.1	4.2.7
ERR7015346	NA	k141_765634	398	1870	+	msr(E)	ABC-F type ribosomal protection protein Msr(E)	core	AMR	AMR	MACROLIDE/STREPTOGRAMIN	AZITHROMYCIN/ERYTHROMYCIN/STREPTOGRAMIN	EXACTX	491	491	100.00	100.00	491	WP_000052512.1	ABC-F type ribosomal protection protein Msr(E)	NA	NA	2026-05-15.1	4.2.7
ERR7015346	NA	k141_765634	1929	2810	+	mph(E)	Mph(E) family macrolide 2'-phosphotransferase	core	AMR	AMR	MACROLIDE	ERYTHROMYCIN	EXACTX	294	294	100.00	100.00	294	WP_000155092.1	Mph(E) family macrolide 2'-phosphotransferase	NA	NA	2026-05-15.1	4.2.7
ERR7015346	NA	k141_770734	67	618	-	aac(6')-Ib4	aminoglycoside N-acetyltransferase AAC(6')-Ib4	core	AMR	AMR	AMINOGLYCOSIDE	GENTAMICIN	ALLELEX	184	184	100.00	100.00	184	WP_003159191.1	aminoglycoside N-acetyltransferase AAC(6')-Ib4	NA	NA	2026-05-15.1	4.2.7
ERR7015346	NA	k141_775588	2	574	+	blaOXA	OXA-10 family class D beta-lactamase	core	AMR	AMR	BETA-LACTAM	BETA-LACTAM	PARTIAL_CONTIG_ENDX	191	267	71.54	97.91	191	WP_420354134.1	OXA-10 family class D beta-lactamase OXA-1353	NA	NA	2026-05-15.1	4.2.7
ERR7015346	NA	k141_779410	22	492	+	dfrA1	trimethoprim-resistant dihydrofolate reductase DfrA1	core	AMR	AMR	TRIMETHOPRIM	TRIMETHOPRIM	BLASTX	157	157	100.00	99.36	157	WP_000777554.1	trimethoprim-resistant dihydrofolate reductase DfrA1	NA	NA	2026-05-15.1	4.2.7
ERR7015346	NA	k141_806722	6	803	-	erm(F)	23S rRNA (adenine(2058)-N(6))-methyltransferase Erm(F)	core	AMR	AMR	LINCOSAMIDE/MACROLIDE/STREPTOGRAMIN	CLINDAMYCIN/MACROLIDE/STREPTOGRAMIN	BLASTX	266	266	100.00	99.62	266	WP_002682030.1	23S rRNA (adenine(2058)-N(6))-methyltransferase Erm(F)	NA	NA	2026-05-15.1	4.2.7
ERR7015346	NA	k141_815706	3	557	-	blaPAU	PAU family class A beta-lactamase	core	AMR	AMR	BETA-LACTAM	BETA-LACTAM	PARTIAL_CONTIG_ENDX	185	293	63.14	100.00	185	WP_148044424.1	class A beta-lactamase PAU-1	NA	NA	2026-05-15.1	4.2.7
ERR7015346	NA	k141_822500	123	1583	+	msr(D)	ABC-F type ribosomal protection protein Msr(D)	core	AMR	AMR	MACROLIDE/STREPTOGRAMIN	AZITHROMYCIN/ERYTHROMYCIN/STREPTOGRAMIN B	BLASTX	487	487	100.00	90.97	487	WP_000420313.1	ABC-F type ribosomal protection protein Msr(D)	NA	NA	2026-05-15.1	4.2.7
ERR7015346	NA	k141_822696	3263	3784	+	aac(6')-Im	aminoglycoside N-acetyltransferase AAC(6')-Im	core	AMR	AMR	AMINOGLYCOSIDE	AMIKACIN/KANAMYCIN/TOBRAMYCIN	INTERNAL_STOP	174	178	97.75	90.23	174	WP_010708502.1	aminoglycoside N-acetyltransferase AAC(6')-Im	NA	NA	2026-05-15.1	4.2.7
ERR7015346	NA	k141_827813	1387	2043	-	catA1	type A-1 chloramphenicol O-acetyltransferase	core	AMR	AMR	PHENICOL	CHLORAMPHENICOL	EXACTX	219	219	100.00	100.00	219	WP_000412211.1	type A-1 chloramphenicol O-acetyltransferase	NA	NA	2026-05-15.1	4.2.7
ERR7015346	NA	k141_843740	210	1070	+	blaGES-13	extended-spectrum class A beta-lactamase GES-13	core	AMR	AMR	BETA-LACTAM	CEPHALOSPORIN	ALLELEX	287	287	100.00	100.00	287	WP_063860501.1	extended-spectrum class A beta-lactamase GES-13	NA	NA	2026-05-15.1	4.2.7
ERR7015346	NA	k141_843740	1289	1618	+	qacG2	quaternary ammonium compound efflux SMR transporter QacG2	core	STRESS	BIOCIDE	QUATERNARY AMMONIUM	QUATERNARY AMMONIUM	EXACTX	110	110	100.00	100.00	110	WP_003830719.1	quaternary ammonium compound efflux SMR transporter QacG2	NA	NA	2026-05-15.1	4.2.7
ERR7015346	NA	k141_848665	535	2457	+	tet(S)	tetracycline resistance ribosomal protection protein Tet(S)	core	AMR	AMR	TETRACYCLINE	TETRACYCLINE	EXACTX	641	641	100.00	100.00	641	WP_000691722.1	tetracycline resistance ribosomal protection protein Tet(S)	NA	NA	2026-05-15.1	4.2.7
ERR7015346	NA	k141_848665	3500	4288	-	aadA1	ANT(3'')-Ia family aminoglycoside nucleotidyltransferase AadA1	core	AMR	AMR	AMINOGLYCOSIDE	STREPTOMYCIN	EXACTX	263	263	100.00	100.00	263	WP_001206316.1	ANT(3'')-Ia family aminoglycoside nucleotidyltransferase AadA1	NA	NA	2026-05-15.1	4.2.7
ERR7015346	NA	k141_849261	17	877	-	aadS	aminoglycoside 6-adenylyltransferase AadS	core	AMR	AMR	AMINOGLYCOSIDE	STREPTOMYCIN	EXACTX	287	287	100.00	100.00	287	WP_003013318.1	aminoglycoside 6-adenylyltransferase AadS	NA	NA	2026-05-15.1	4.2.7
ERR7015346	NA	k141_849261	2107	3003	-	blaVEB	VEB family extended-spectrum class A beta-lactamase	core	AMR	AMR	BETA-LACTAM	CEPHALOSPORIN	BLASTX	299	299	100.00	91.97	299	WP_032494864.1	inhibitor-resistant extended-spectrum class A beta-lactamase VEB-9	NA	NA	2026-05-15.1	4.2.7
ERR7015346	NA	k141_859825	618	1274	+	catA16	type A-16 chloramphenicol O-acetyltransferase CatQ	core	AMR	AMR	PHENICOL	CHLORAMPHENICOL	BLASTX	219	219	100.00	99.54	219	WP_063843220.1	type A-16 chloramphenicol O-acetyltransferase CatQ	NA	NA	2026-05-15.1	4.2.7
ERR7015346	NA	k141_860880	253	582	+	qacL	quaternary ammonium compound efflux SMR transporter QacL	core	STRESS	BIOCIDE	QUATERNARY AMMONIUM	QUATERNARY AMMONIUM	EXACTX	110	110	100.00	100.00	110	WP_000800531.1	quaternary ammonium compound efflux SMR transporter QacL	NA	NA	2026-05-15.1	4.2.7
ERR7015346	NA	k141_861912	1	648	+	aadA2	ANT(3'')-Ia family aminoglycoside nucleotidyltransferase AadA2	core	AMR	AMR	AMINOGLYCOSIDE	STREPTOMYCIN	PARTIAL_CONTIG_ENDX	216	263	82.13	100.00	216	WP_001206356.1	ANT(3'')-Ia family aminoglycoside nucleotidyltransferase AadA2	NA	NA	2026-05-15.1	4.2.7
ERR7015346	NA	k141_864399	3	1157	+	tet(G)	tetracycline efflux MFS transporter Tet(G)	core	AMR	AMR	TETRACYCLINE	TETRACYCLINE	BLASTX	385	391	98.47	96.62	385	WP_001257840.1	tetracycline efflux MFS transporter Tet(G)	NA	NA	2026-05-15.1	4.2.7
ERR7015346	NA	k141_869392	165	1352	-	tet(C)	tetracycline efflux MFS transporter Tet(C)	core	AMR	AMR	TETRACYCLINE	TETRACYCLINE	EXACTX	396	396	100.00	100.00	396	WP_000841446.1	tetracycline efflux MFS transporter Tet(C)	NA	NA	2026-05-15.1	4.2.7
ERR7015346	NA	k141_869627	1	291	-	dfrA5	trimethoprim-resistant dihydrofolate reductase DfrA5	core	AMR	AMR	TRIMETHOPRIM	TRIMETHOPRIM	PARTIAL_CONTIG_ENDX	97	157	61.78	100.00	97	WP_001317507.1	trimethoprim-resistant dihydrofolate reductase DfrA5	NA	NA	2026-05-15.1	4.2.7
ERR7015346	NA	k141_874845	74	895	-	blaOXA-347	class D beta-lactamase OXA-347	core	AMR	AMR	BETA-LACTAM	BETA-LACTAM	ALLELEX	274	274	100.00	100.00	274	WP_004295324.1	class D beta-lactamase OXA-347	NA	NA	2026-05-15.1	4.2.7
ERR7015346	NA	k141_875018	54	683	-	catB8	type B-3 chloramphenicol O-acetyltransferase CatB8	core	AMR	AMR	PHENICOL	CHLORAMPHENICOL	EXACTX	210	210	100.00	100.00	210	WP_002075262.1	type B-3 chloramphenicol O-acetyltransferase CatB8	NA	NA	2026-05-15.1	4.2.7
ERR7015346	NA	k141_878445	321	1100	+	blaNPS-1	oxacillin-hydrolyzing class D beta-lactamase NPS-1	core	AMR	AMR	BETA-LACTAM	BETA-LACTAM	ALLELEX	260	260	100.00	100.00	260	WP_011013281.1	oxacillin-hydrolyzing class D beta-lactamase NPS-1	NA	NA	2026-05-15.1	4.2.7
ERR7015346	NA	k141_900077	1473	2258	-	aadA5	ANT(3'')-Ia family aminoglycoside nucleotidyltransferase AadA5	core	AMR	AMR	AMINOGLYCOSIDE	STREPTOMYCIN	EXACTX	262	262	100.00	100.00	262	WP_000503574.1	ANT(3'')-Ia family aminoglycoside nucleotidyltransferase AadA5	NA	NA	2026-05-15.1	4.2.7
ERR7015346	NA	k141_905167	932	1441	+	nimE	5-nitroimidazole reductase NimE	core	AMR	AMR	NITROIMIDAZOLE	NITROIMIDAZOLE	EXACTX	170	170	100.00	100.00	170	WP_005812773.1	5-nitroimidazole reductase NimE	NA	NA	2026-05-15.1	4.2.7
ERR7015346	NA	k141_909814	345	998	+	qnrS2	quinolone resistance pentapeptide repeat protein QnrS2	core	AMR	AMR	QUINOLONE	QUINOLONE	ALLELEX	218	218	100.00	100.00	218	WP_012537714.1	quinolone resistance pentapeptide repeat protein QnrS2	NA	NA	2026-05-15.1	4.2.7
ERR7015346	NA	k141_93010	195	1052	+	aac(3)-IIe	aminoglycoside N-acetyltransferase AAC(3)-IIe	core	AMR	AMR	AMINOGLYCOSIDE	GENTAMICIN	BLASTX	286	286	100.00	98.60	286	WP_000557452.1	aminoglycoside N-acetyltransferase AAC(3)-IIe	NA	NA	2026-05-15.1	4.2.7
ERR7015346	NA	k141_94400	1648	2790	+	blaCMY-152	class C beta-lactamase CMY-152	core	AMR	AMR	BETA-LACTAM	CEPHALOSPORIN	ALLELEX	381	381	100.00	100.00	381	WP_032937778.1	class C beta-lactamase CMY-152	NA	NA	2026-05-15.1	4.2.7
ERR7015346	NA	k141_95789	3	1205	-	tet(M)	tetracycline resistance ribosomal protection protein Tet(M)	core	AMR	AMR	TETRACYCLINE	TETRACYCLINE	PARTIAL_CONTIG_ENDX	401	639	62.75	99.75	401	WP_002414694.1	tetracycline resistance ribosomal protection protein Tet(M)	NA	NA	2026-05-15.1	4.2.7
ERR7015351	NA	k141_12880	3	470	-	blaOXA	OXA-10 family class D beta-lactamase	core	AMR	AMR	BETA-LACTAM	BETA-LACTAM	PARTIAL_CONTIG_ENDX	156	266	58.65	100.00	156	WP_014454104.1	OXA-10 family extended-spectrum class D beta-lactamase OXA-256	NA	NA	2026-05-15.1	4.2.7
ERR7015351	NA	k141_12917	2	1195	-	tet(W)	tetracycline resistance ribosomal protection protein Tet(W)	core	AMR	AMR	TETRACYCLINE	TETRACYCLINE	PARTIAL_CONTIG_ENDX	398	639	62.28	99.25	398	WP_002586627.1	tetracycline resistance ribosomal protection protein Tet(W)	NA	NA	2026-05-15.1	4.2.7
ERR7015351	NA	k141_16550	356	685	+	qacG2	quaternary ammonium compound efflux SMR transporter QacG2	core	STRESS	BIOCIDE	QUATERNARY AMMONIUM	QUATERNARY AMMONIUM	BLASTX	110	110	100.00	91.82	110	WP_003830719.1	quaternary ammonium compound efflux SMR transporter QacG2	NA	NA	2026-05-15.1	4.2.7
ERR7015351	NA	k141_16550	801	1625	+	blaOXA-2	oxacillin-hydrolyzing class D beta-lactamase OXA-2	core	AMR	AMR	BETA-LACTAM	BETA-LACTAM	ALLELEX	275	275	100.00	100.00	275	WP_001007673.1	oxacillin-hydrolyzing class D beta-lactamase OXA-2	NA	NA	2026-05-15.1	4.2.7
ERR7015351	NA	k141_16550	1764	2108	+	qacEdelta1	quaternary ammonium compound efflux SMR transporter QacE delta 1	core	STRESS	BIOCIDE	QUATERNARY AMMONIUM	QUATERNARY AMMONIUM	ALLELEX	115	115	100.00	100.00	115	WP_000679427.1	quaternary ammonium compound efflux SMR transporter QacE delta 1	NA	NA	2026-05-15.1	4.2.7
ERR7015351	NA	k141_16550	2105	2941	+	sul1	sulfonamide-resistant dihydropteroate synthase Sul1	core	AMR	AMR	SULFONAMIDE	SULFONAMIDE	EXACTX	279	279	100.00	100.00	279	WP_000259031.1	sulfonamide-resistant dihydropteroate synthase Sul1	NA	NA	2026-05-15.1	4.2.7
ERR7015351	NA	k141_16757	3	1337	-	tet(Q)	tetracycline resistance ribosomal protection protein Tet(Q)	core	AMR	AMR	TETRACYCLINE	TETRACYCLINE	PARTIAL_CONTIG_ENDX	445	641	69.42	93.71	445	WP_063856407.1	tetracycline resistance ribosomal protection protein Tet(Q)	NA	NA	2026-05-15.1	4.2.7
ERR7015351	NA	k141_17658	336	1553	-	ere(A)	EreA family erythromycin esterase	core	AMR	AMR	MACROLIDE	ERYTHROMYCIN	EXACTX	406	406	100.00	100.00	406	WP_032084014.1	EreA family erythromycin esterase	NA	NA	2026-05-15.1	4.2.7
ERR7015351	NA	k141_19513	1	927	-	blaCMY	CMY-2 family class C beta-lactamase	core	AMR	AMR	BETA-LACTAM	CEPHALOSPORIN	PARTIAL_CONTIG_ENDX	309	381	81.10	100.00	309	WP_032937778.1	class C beta-lactamase CMY-152	NA	NA	2026-05-15.1	4.2.7
ERR7015351	NA	k141_20078	1779	2396	-	cfxA3	extended-spectrum class A beta-lactamase CfxA3	core	AMR	AMR	BETA-LACTAM	CEPHALOSPORIN	PARTIAL_CONTIG_ENDX	206	321	64.17	100.00	206	WP_004348227.1	extended-spectrum class A beta-lactamase CfxA3	NA	NA	2026-05-15.1	4.2.7
ERR7015351	NA	k141_21322	3671	4483	-	sul2	sulfonamide-resistant dihydropteroate synthase Sul2	core	AMR	AMR	SULFONAMIDE	SULFONAMIDE	EXACTX	271	271	100.00	100.00	271	WP_001043260.1	sulfonamide-resistant dihydropteroate synthase Sul2	NA	NA	2026-05-15.1	4.2.7
ERR7015351	NA	k141_24686	1	387	-	catB3	type B-3 chloramphenicol O-acetyltransferase CatB3	core	AMR	AMR	PHENICOL	CHLORAMPHENICOL	PARTIAL_CONTIG_ENDX	129	210	61.43	100.00	129	WP_000186237.1	type B-3 chloramphenicol O-acetyltransferase CatB3	NA	NA	2026-05-15.1	4.2.7
ERR7015351	NA	k141_25460	2	616	+	tet(X2)	tetracycline-inactivating monooxygenase Tet(X2)	core	AMR	AMR	TETRACYCLINE	TIGECYCLINE	PARTIAL_CONTIG_ENDX	205	388	52.84	100.00	205	WP_063856436.1	tetracycline-inactivating monooxygenase Tet(X2)	NA	NA	2026-05-15.1	4.2.7
ERR7015351	NA	k141_26166	20	814	+	mef(B)	macrolide efflux MFS transporter Mef(B)	core	AMR	AMR	MACROLIDE	AZITHROMYCIN/ERYTHROMYCIN	PARTIAL_CONTIG_ENDX	265	409	64.79	98.11	265	WP_032492336.1	macrolide efflux MFS transporter Mef(B)	NA	NA	2026-05-15.1	4.2.7
ERR7015351	NA	k141_27121	459	989	+	ant(2'')-Ia	aminoglycoside nucleotidyltransferase ANT(2'')-Ia	core	AMR	AMR	AMINOGLYCOSIDE	GENTAMICIN/KANAMYCIN/TOBRAMYCIN	EXACTX	177	177	100.00	100.00	177	WP_003159209.1	aminoglycoside nucleotidyltransferase ANT(2'')-Ia	NA	NA	2026-05-15.1	4.2.7
ERR7015351	NA	k141_27135	5484	6626	-	blaCMY-4	extended-spectrum class C beta-lactamase CMY-4	core	AMR	AMR	BETA-LACTAM	CEPHALOSPORIN	ALLELEX	381	381	100.00	100.00	381	WP_015056382.1	extended-spectrum class C beta-lactamase CMY-4	NA	NA	2026-05-15.1	4.2.7
ERR7015351	NA	k141_30210	1364	1855	+	lnu(C)	lincosamide nucleotidyltransferase Lnu(C)	core	AMR	AMR	LINCOSAMIDE	LINCOSAMIDE	BLASTX	164	164	100.00	97.56	164	WP_063851341.1	lincosamide nucleotidyltransferase Lnu(C)	NA	NA	2026-05-15.1	4.2.7
ERR7015351	NA	k141_32215	23	529	-	lnu(F)	lincosamide nucleotidyltransferase Lnu(F)	core	AMR	AMR	LINCOSAMIDE	LINCOSAMIDE	PARTIALX	169	273	61.90	100.00	169	WP_070342360.1	lincosamide nucleotidyltransferase Lnu(F)	NA	NA	2026-05-15.1	4.2.7
ERR7015351	NA	k141_32329	1292	2479	-	tet(C)	tetracycline efflux MFS transporter Tet(C)	core	AMR	AMR	TETRACYCLINE	TETRACYCLINE	EXACTX	396	396	100.00	100.00	396	WP_001297013.1	tetracycline efflux MFS transporter Tet(C)	NA	NA	2026-05-15.1	4.2.7
ERR7015351	NA	k141_3432	3	1085	+	tet(32)	tetracycline resistance ribosomal protection protein Tet(32)	core	AMR	AMR	TETRACYCLINE	TETRACYCLINE	PARTIAL_CONTIG_ENDX	361	639	56.49	100.00	361	WP_002602099.1	tetracycline resistance ribosomal protection protein Tet(32)	NA	NA	2026-05-15.1	4.2.7
ERR7015351	NA	k141_35544	131	601	-	dfrA32	trimethoprim-resistant dihydrofolate reductase DfrA32	core	AMR	AMR	TRIMETHOPRIM	TRIMETHOPRIM	EXACTX	157	157	100.00	100.00	157	WP_032084013.1	trimethoprim-resistant dihydrofolate reductase DfrA32	NA	NA	2026-05-15.1	4.2.7
ERR7015351	NA	k141_37372	2961	4157	-	tet(A)	tetracycline efflux MFS transporter Tet(A)	core	AMR	AMR	TETRACYCLINE	TETRACYCLINE	EXACTX	399	399	100.00	100.00	399	WP_000804064.1	tetracycline efflux MFS transporter Tet(A)	NA	NA	2026-05-15.1	4.2.7
ERR7015351	NA	k141_37719	223	645	-	aadA13	ANT(3'')-Ia family aminoglycoside nucleotidyltransferase AadA13	core	AMR	AMR	AMINOGLYCOSIDE	STREPTOMYCIN	PARTIAL_CONTIG_ENDX	141	265	53.21	100.00	141	WP_001424636.1	ANT(3'')-Ia family aminoglycoside nucleotidyltransferase AadA13	NA	NA	2026-05-15.1	4.2.7
ERR7015351	NA	k141_38791	191	1024	-	aph(6)-Id	aminoglycoside O-phosphotransferase APH(6)-Id	core	AMR	AMR	AMINOGLYCOSIDE	STREPTOMYCIN	EXACTX	278	278	100.00	100.00	278	WP_000480968.1	aminoglycoside O-phosphotransferase APH(6)-Id	NA	NA	2026-05-15.1	4.2.7
ERR7015351	NA	k141_38791	1027	1827	-	aph(3'')-Ib	aminoglycoside O-phosphotransferase APH(3'')-Ib	core	AMR	AMR	AMINOGLYCOSIDE	STREPTOMYCIN	EXACTX	267	267	100.00	100.00	267	WP_001082319.1	aminoglycoside O-phosphotransferase APH(3'')-Ib	NA	NA	2026-05-15.1	4.2.7
ERR7015351	NA	k141_39417	1023	1331	-	aac(6')-IIc	aminoglycoside N-acetyltransferase AAC(6')-IIc	core	AMR	AMR	AMINOGLYCOSIDE	GENTAMICIN/KANAMYCIN/TOBRAMYCIN	PARTIAL_CONTIG_ENDX	103	193	53.37	100.00	103	WP_012695484.1	aminoglycoside N-acetyltransferase AAC(6')-IIc	NA	NA	2026-05-15.1	4.2.7
ERR7015351	NA	k141_44962	2	667	+	bla	class A beta-lactamase	core	AMR	AMR	BETA-LACTAM	BETA-LACTAM	PARTIAL_CONTIG_ENDX	222	293	75.77	100.00	222	WP_011270171.1	class A beta-lactamase	NA	NA	2026-05-15.1	4.2.7
ERR7015351	NA	k141_4513	2	571	+	sul4	sulfonamide-resistant dihydropteroate synthase Sul4	core	AMR	AMR	SULFONAMIDE	SULFONAMIDE	PARTIAL_CONTIG_ENDX	190	287	66.20	92.63	190	WP_102607457.1	sulfonamide-resistant dihydropteroate synthase Sul4	NA	NA	2026-05-15.1	4.2.7
ERR7015351	NA	k141_4623	1	909	-	msr	Msr family ABC-F type ribosomal protection protein	core	AMR	AMR	MACROLIDE	MACROLIDE	PARTIAL_CONTIG_ENDX	303	487	62.22	90.76	303	WP_000420317.1	ABC-F type ribosomal protection protein Msr(D)	NA	NA	2026-05-15.1	4.2.7
ERR7015351	NA	k141_46457	290	1150	-	aadS	aminoglycoside 6-adenylyltransferase AadS	core	AMR	AMR	AMINOGLYCOSIDE	STREPTOMYCIN	EXACTX	287	287	100.00	100.00	287	WP_003013318.1	aminoglycoside 6-adenylyltransferase AadS	NA	NA	2026-05-15.1	4.2.7
ERR7015351	NA	k141_5239	333	1292	+	cfxA6	broad-spectrum class A beta-lactamase CfxA6	core	AMR	AMR	BETA-LACTAM	BETA-LACTAM	BLASTX	320	320	100.00	99.38	320	WP_117664257.1	broad-spectrum class A beta-lactamase CfxA6	NA	NA	2026-05-15.1	4.2.7
ERR7015351	NA	k141_5421	1	468	-	erm(F)	23S rRNA (adenine(2058)-N(6))-methyltransferase Erm(F)	core	AMR	AMR	LINCOSAMIDE/MACROLIDE/STREPTOGRAMIN	CLINDAMYCIN/MACROLIDE/STREPTOGRAMIN	PARTIAL_CONTIG_ENDX	156	266	58.65	100.00	156	WP_002682030.1	23S rRNA (adenine(2058)-N(6))-methyltransferase Erm(F)	NA	NA	2026-05-15.1	4.2.7
ERR7015351	NA	k141_8654	1761	2867	-	tet(M)	tetracycline resistance ribosomal protection protein Tet(M)	core	AMR	AMR	TETRACYCLINE	TETRACYCLINE	PARTIAL_CONTIG_ENDX	369	639	57.75	99.73	369	WP_002414694.1	tetracycline resistance ribosomal protection protein Tet(M)	NA	NA	2026-05-15.1	4.2.7
ERR7015367	NA	k141_101525	41	385	+	dfrA22	trimethoprim-resistant dihydrofolate reductase DfrA22	core	AMR	AMR	TRIMETHOPRIM	TRIMETHOPRIM	PARTIAL_CONTIG_ENDX	115	165	69.70	99.13	115	WP_032667553.1	trimethoprim-resistant dihydrofolate reductase DfrA22	NA	NA	2026-05-15.1	4.2.7
ERR7015367	NA	k141_103558	150	671	+	sat2	streptothricin N-acetyltransferase Sat2	core	AMR	AMR	STREPTOTHRICIN	STREPTOTHRICIN	EXACTX	174	174	100.00	100.00	174	WP_000704156.1	streptothricin N-acetyltransferase Sat2	NA	NA	2026-05-15.1	4.2.7
ERR7015367	NA	k141_107117	3	989	+	ere(A)	EreA family erythromycin esterase	core	AMR	AMR	MACROLIDE	ERYTHROMYCIN	PARTIAL_CONTIG_ENDX	329	408	81.13	98.19	331	WP_021566672.1	EreA family erythromycin esterase	NA	NA	2026-05-15.1	4.2.7
ERR7015367	NA	k141_110155	3	770	+	aph(3')-H48	aminoglycoside O-phosphotransferase APH(3')-H48	core	AMR	AMR	AMINOGLYCOSIDE	KANAMYCIN	BLASTX	256	256	100.00	95.70	256	WP_034024097.1	aminoglycoside O-phosphotransferase APH(3')-H48	NA	NA	2026-05-15.1	4.2.7
ERR7015367	NA	k141_110172	1	639	-	ere(A)	EreA family erythromycin esterase	core	AMR	AMR	MACROLIDE	ERYTHROMYCIN	INTERNAL_STOP	213	406	52.46	97.65	213	WP_071846336.1	EreA family erythromycin esterase	NA	NA	2026-05-15.1	4.2.7
ERR7015367	NA	k141_110744	110	637	+	qnrB	QnrB family quinolone resistance pentapeptide repeat protein	core	AMR	AMR	QUINOLONE	QUINOLONE	PARTIALX	176	214	82.24	98.86	176	WP_048236419.1	quinolone resistance pentapeptide repeat protein QnrB85	NA	NA	2026-05-15.1	4.2.7
ERR7015367	NA	k141_111007	167	934	+	blaVIM	VIM family subclass B1 metallo-beta-lactamase	core	AMR	AMR	BETA-LACTAM	CARBAPENEM	BLASTX	256	266	96.24	100.00	256	WP_032492008.1	subclass B1 metallo-beta-lactamase VIM-4	NA	NA	2026-05-15.1	4.2.7
ERR7015367	NA	k141_11314	3	851	-	ere(D)	EreD family erythromycin esterase	core	AMR	AMR	MACROLIDE	AZITHROMYCIN/ERYTHROMYCIN	PARTIAL_CONTIG_ENDX	283	408	69.36	95.41	283	WP_015345560.1	EreD family erythromycin esterase	NA	NA	2026-05-15.1	4.2.7
ERR7015367	NA	k141_113213	2	421	-	qnrD	QnrD family quinolone resistance pentapeptide repeat protein	core	AMR	AMR	QUINOLONE	QUINOLONE	PARTIAL_CONTIG_ENDX	140	214	65.42	100.00	140	WP_012634451.1	quinolone resistance pentapeptide repeat protein QnrD1	NA	NA	2026-05-15.1	4.2.7
ERR7015367	NA	k141_121400	5817	6959	-	blaCMY-4	extended-spectrum class C beta-lactamase CMY-4	core	AMR	AMR	BETA-LACTAM	CEPHALOSPORIN	ALLELEX	381	381	100.00	100.00	381	WP_015056382.1	extended-spectrum class C beta-lactamase CMY-4	NA	NA	2026-05-15.1	4.2.7
ERR7015367	NA	k141_123502	740	1576	-	sul1	sulfonamide-resistant dihydropteroate synthase Sul1	core	AMR	AMR	SULFONAMIDE	SULFONAMIDE	EXACTX	279	279	100.00	100.00	279	WP_000259031.1	sulfonamide-resistant dihydropteroate synthase Sul1	NA	NA	2026-05-15.1	4.2.7
ERR7015367	NA	k141_123502	1573	1917	-	qacEdelta1	quaternary ammonium compound efflux SMR transporter QacE delta 1	core	STRESS	BIOCIDE	QUATERNARY AMMONIUM	QUATERNARY AMMONIUM	ALLELEX	115	115	100.00	100.00	115	WP_000679427.1	quaternary ammonium compound efflux SMR transporter QacE delta 1	NA	NA	2026-05-15.1	4.2.7
ERR7015367	NA	k141_124952	645	1406	+	cphA	CphA family subclass B2 metallo-beta-lactamase	core	AMR	AMR	BETA-LACTAM	CARBAPENEM	BLASTX	254	254	100.00	97.64	254	WP_082035432.1	subclass B2 metallo-beta-lactamase CphA-15	NA	NA	2026-05-15.1	4.2.7
ERR7015367	NA	k141_1253	1233	2024	-	blaOXA	OXA-12 family class D beta-lactamase	core	AMR	AMR	BETA-LACTAM	BETA-LACTAM	BLASTX	264	264	100.00	98.48	264	WP_213994597.1	OXA-12 family class D beta-lactamase OXA-951	NA	NA	2026-05-15.1	4.2.7
ERR7015367	NA	k141_125821	1	492	+	dfrA24	trimethoprim-resistant dihydrofolate reductase DfrA24	core	AMR	AMR	TRIMETHOPRIM	TRIMETHOPRIM	PARTIAL_CONTIG_ENDX	164	185	88.65	100.00	164	WP_063844376.1	trimethoprim-resistant dihydrofolate reductase DfrA24	NA	NA	2026-05-15.1	4.2.7
ERR7015367	NA	k141_129001	4421	7570	-	oqxB	multidrug efflux RND transporter permease subunit OqxB	core	AMR	AMR	NITROFURAN/PHENICOL/QUINOLONE/TETRACYCLINE	NITROFURANTOIN/PHENICOL/QUINOLONE/TIGECYCLINE	BLASTX	1050	1050	100.00	97.62	1050	WP_000347934.1	multidrug efflux RND transporter permease subunit OqxB	NA	NA	2026-05-15.1	4.2.7
ERR7015367	NA	k141_129001	7597	8769	-	oqxA	multidrug efflux RND transporter periplasmic adaptor subunit OqxA	core	AMR	AMR	NITROFURAN/PHENICOL/QUINOLONE/TETRACYCLINE	NITROFURANTOIN/PHENICOL/QUINOLONE/TIGECYCLINE	BLASTX	391	391	100.00	90.28	391	WP_002914189.1	multidrug efflux RND transporter periplasmic adaptor subunit OqxA	NA	NA	2026-05-15.1	4.2.7
ERR7015367	NA	k141_137170	141	1022	-	mph(G)	Mph(G) family macrolide 2'-phosphotransferase	core	AMR	AMR	MACROLIDE	ERYTHROMYCIN	EXACTX	294	294	100.00	100.00	294	WP_014386803.1	Mph(G) family macrolide 2'-phosphotransferase	NA	NA	2026-05-15.1	4.2.7
ERR7015367	NA	k141_137170	1030	2250	-	mef(C)	macrolide efflux MFS transporter Mef(C)	core	AMR	AMR	MACROLIDE	ERYTHROMYCIN	BLASTX	407	407	100.00	99.75	407	WP_014386804.1	macrolide efflux MFS transporter Mef(C)	NA	NA	2026-05-15.1	4.2.7
ERR7015367	NA	k141_137299	2	1054	-	tmexC	multidrug efflux RND transporter periplasmic adaptor subunit TMexC	core	AMR	AMR	TETRACYCLINE	TIGECYCLINE	BLASTX	351	387	90.70	99.15	351	WP_034039546.1	multidrug efflux RND transporter periplasmic adaptor subunit TMexC3	NA	NA	2026-05-15.1	4.2.7
ERR7015367	NA	k141_13856	4804	5583	+	blaNPS-1	oxacillin-hydrolyzing class D beta-lactamase NPS-1	core	AMR	AMR	BETA-LACTAM	BETA-LACTAM	ALLELEX	260	260	100.00	100.00	260	WP_011013281.1	oxacillin-hydrolyzing class D beta-lactamase NPS-1	NA	NA	2026-05-15.1	4.2.7
ERR7015367	NA	k141_13856	9378	10574	-	tet(A)	tetracycline efflux MFS transporter Tet(A)	core	AMR	AMR	TETRACYCLINE	TETRACYCLINE	EXACTX	399	399	100.00	100.00	399	WP_000804064.1	tetracycline efflux MFS transporter Tet(A)	NA	NA	2026-05-15.1	4.2.7
ERR7015367	NA	k141_141909	1661	3115	-	msr(D)	ABC-F type ribosomal protection protein Msr(D)	core	AMR	AMR	MACROLIDE/STREPTOGRAMIN	AZITHROMYCIN/ERYTHROMYCIN/STREPTOGRAMIN B	BLASTX	485	487	99.59	91.13	485	WP_000420313.1	ABC-F type ribosomal protection protein Msr(D)	NA	NA	2026-05-15.1	4.2.7
ERR7015367	NA	k141_142056	17921	18712	-	blaOXA	OXA-12 family class D beta-lactamase	core	AMR	AMR	BETA-LACTAM	BETA-LACTAM	BLASTX	264	264	100.00	97.73	264	WP_063861029.1	oxacillin-hydrolyzing class D beta-lactamase OXA-12	NA	NA	2026-05-15.1	4.2.7
ERR7015367	NA	k141_142741	2939	3361	-	fosA	FosA/FosA2 family fosfomycin resistance glutathione transferase	core	AMR	AMR	FOSFOMYCIN	FOSFOMYCIN	BLASTX	141	141	100.00	95.74	141	WP_025205684.1	fosfomycin resistance glutathione transferase FosA2	NA	NA	2026-05-15.1	4.2.7
ERR7015367	NA	k141_142755	46354	47151	-	blaOXA-1053	OXA-10 family class D beta-lactamase OXA-1053	core	AMR	AMR	BETA-LACTAM	BETA-LACTAM	ALLELEX	266	266	100.00	100.00	266	WP_240067732.1	OXA-10 family class D beta-lactamase OXA-1053	NA	NA	2026-05-15.1	4.2.7
ERR7015367	NA	k141_143136	1169	1639	+	catA2	type A-2 chloramphenicol O-acetyltransferase CatII	core	AMR	AMR	PHENICOL	CHLORAMPHENICOL	PARTIALX	157	213	73.71	96.18	157	WP_012477888.1	type A-2 chloramphenicol O-acetyltransferase CatII	NA	NA	2026-05-15.1	4.2.7
ERR7015367	NA	k141_147229	2	619	-	blaCTX-M	CTX-M family extended-spectrum class A beta-lactamase	core	AMR	AMR	BETA-LACTAM	CEPHALOSPORIN	PARTIAL_CONTIG_ENDX	206	291	70.79	100.00	206	WP_032494234.1	extended-spectrum class A beta-lactamase CTX-M-100	NA	NA	2026-05-15.1	4.2.7
ERR7015367	NA	k141_148805	2393	3046	+	qnrA1	quinolone resistance pentapeptide repeat protein QnrA1	core	AMR	AMR	QUINOLONE	QUINOLONE	ALLELEX	218	218	100.00	100.00	218	WP_012579084.1	quinolone resistance pentapeptide repeat protein QnrA1	NA	NA	2026-05-15.1	4.2.7
ERR7015367	NA	k141_150218	260	1132	+	blaCTX-M-15	extended-spectrum class A beta-lactamase CTX-M-15	core	AMR	AMR	BETA-LACTAM	CEPHALOSPORIN	ALLELEX	291	291	100.00	100.00	291	WP_000239590.1	extended-spectrum class A beta-lactamase CTX-M-15	NA	NA	2026-05-15.1	4.2.7
ERR7015367	NA	k141_151417	1498	2646	+	blaMOX	CMY-1/MOX family class C beta-lactamase	core	AMR	AMR	BETA-LACTAM	CEPHALOSPORIN	BLASTX	383	383	100.00	99.48	383	WP_096807444.1	CMY-1/MOX family extended-spectrum class C beta-lactamase MOX-13	NA	NA	2026-05-15.1	4.2.7
ERR7015367	NA	k141_151741	1174	1935	-	cphA	CphA family subclass B2 metallo-beta-lactamase	core	AMR	AMR	BETA-LACTAM	CARBAPENEM	BLASTX	254	254	100.00	98.03	254	WP_431419235.1	subclass B2 metallo-beta-lactamase CphA-18	NA	NA	2026-05-15.1	4.2.7
ERR7015367	NA	k141_154644	1007	2143	+	blaDHA-1	extended-spectrum class C beta-lactamase DHA-1	core	AMR	AMR	BETA-LACTAM	CEPHALOSPORIN	ALLELEX	379	379	100.00	100.00	379	WP_004236386.1	extended-spectrum class C beta-lactamase DHA-1	NA	NA	2026-05-15.1	4.2.7
ERR7015367	NA	k141_155628	198	1454	+	cmlA	CmlA family chloramphenicol efflux MFS transporter	core	AMR	AMR	PHENICOL	CHLORAMPHENICOL	BLASTX	419	419	100.00	99.76	419	WP_032492104.1	chloramphenicol efflux MFS transporter CmlA8	NA	NA	2026-05-15.1	4.2.7
ERR7015367	NA	k141_155628	1550	2392	+	aadA6	ANT(3'')-Ia family aminoglycoside nucleotidyltransferase AadA6	core	AMR	AMR	AMINOGLYCOSIDE	STREPTOMYCIN	EXACTX	281	281	100.00	100.00	281	WP_022675713.1	ANT(3'')-Ia family aminoglycoside nucleotidyltransferase AadA6	NA	NA	2026-05-15.1	4.2.7
ERR7015367	NA	k141_155628	2434	3177	+	blaVIM	VIM family subclass B1 metallo-beta-lactamase	core	AMR	AMR	BETA-LACTAM	CARBAPENEM	BLASTX	248	266	93.23	100.00	248	WP_032491390.1	subclass B1 metallo-beta-lactamase VIM-5	NA	NA	2026-05-15.1	4.2.7
ERR7015367	NA	k141_156127	35	859	-	blaOXA	OXA-2 family class D beta-lactamase	core	AMR	AMR	BETA-LACTAM	BETA-LACTAM	BLASTX	275	275	100.00	99.64	275	WP_014386432.1	OXA-2 family oxacillin-hydrolyzing class D beta-lactamase OXA-21	NA	NA	2026-05-15.1	4.2.7
ERR7015367	NA	k141_158916	111	476	+	aac(6')-IIc	aminoglycoside N-acetyltransferase AAC(6')-IIc	core	AMR	AMR	AMINOGLYCOSIDE	GENTAMICIN/KANAMYCIN/TOBRAMYCIN	PARTIAL_CONTIG_ENDX	122	193	63.21	100.00	122	WP_012695484.1	aminoglycoside N-acetyltransferase AAC(6')-IIc	NA	NA	2026-05-15.1	4.2.7
ERR7015367	NA	k141_161075	1504	1818	+	smr	multidrug efflux SMR transporter Smr	core	STRESS	BIOCIDE	QUATERNARY AMMONIUM	QUATERNARY AMMONIUM	EXACTX	105	105	100.00	100.00	105	WP_032491400.1	multidrug efflux SMR transporter Smr	NA	NA	2026-05-15.1	4.2.7
ERR7015367	NA	k141_168491	36	848	-	sul2	sulfonamide-resistant dihydropteroate synthase Sul2	core	AMR	AMR	SULFONAMIDE	SULFONAMIDE	EXACTX	271	271	100.00	100.00	271	WP_001043260.1	sulfonamide-resistant dihydropteroate synthase Sul2	NA	NA	2026-05-15.1	4.2.7
ERR7015367	NA	k141_169033	240	1025	-	aadA5	ANT(3'')-Ia family aminoglycoside nucleotidyltransferase AadA5	core	AMR	AMR	AMINOGLYCOSIDE	STREPTOMYCIN	EXACTX	262	262	100.00	100.00	262	WP_000503573.1	ANT(3'')-Ia family aminoglycoside nucleotidyltransferase AadA5	NA	NA	2026-05-15.1	4.2.7
ERR7015367	NA	k141_169033	1159	1629	-	dfrA17	trimethoprim-resistant dihydrofolate reductase DfrA17	core	AMR	AMR	TRIMETHOPRIM	TRIMETHOPRIM	EXACTX	157	157	100.00	100.00	157	WP_001389366.1	trimethoprim-resistant dihydrofolate reductase DfrA17	NA	NA	2026-05-15.1	4.2.7
ERR7015367	NA	k141_170313	650	2266	-	mcr-10	MCR-10 family phosphoethanolamine--lipid A transferase	core	AMR	AMR	COLISTIN	COLISTIN	BLASTX	539	539	100.00	99.81	539	WP_023332837.1	phosphoethanolamine--lipid A transferase MCR-10.1	NA	NA	2026-05-15.1	4.2.7
ERR7015367	NA	k141_172817	407	1195	+	aadA22	ANT(3'')-Ia family aminoglycoside nucleotidyltransferase AadA22	core	AMR	AMR	AMINOGLYCOSIDE	STREPTOMYCIN	BLASTX	263	263	100.00	93.54	263	WP_071846321.1	ANT(3'')-Ia family aminoglycoside nucleotidyltransferase AadA22	NA	NA	2026-05-15.1	4.2.7
ERR7015367	NA	k141_173319	4924	5700	-	aac(3)-IId	aminoglycoside N-acetyltransferase AAC(3)-IId	core	AMR	AMR	AMINOGLYCOSIDE	GENTAMICIN	BLASTX	259	286	90.56	100.00	259	WP_000557454.1	aminoglycoside N-acetyltransferase AAC(3)-IId	NA	NA	2026-05-15.1	4.2.7
ERR7015367	NA	k141_175678	362	1018	+	catA1	type A-1 chloramphenicol O-acetyltransferase	core	AMR	AMR	PHENICOL	CHLORAMPHENICOL	EXACTX	219	219	100.00	100.00	219	WP_000412211.1	type A-1 chloramphenicol O-acetyltransferase	NA	NA	2026-05-15.1	4.2.7
ERR7015367	NA	k141_182143	358	687	+	qacG2	quaternary ammonium compound efflux SMR transporter QacG2	core	STRESS	BIOCIDE	QUATERNARY AMMONIUM	QUATERNARY AMMONIUM	EXACTX	110	110	100.00	100.00	110	WP_031943052.1	quaternary ammonium compound efflux SMR transporter QacG2	NA	NA	2026-05-15.1	4.2.7
ERR7015367	NA	k141_182143	1115	1615	+	gar	gentamicin resistance ATP-binding protein Gar	core	AMR	AMR	AMINOGLYCOSIDE	GENTAMICIN	EXACTX	167	167	100.00	100.00	167	WP_162615879.1	gentamicin resistance ATP-binding protein Gar	NA	NA	2026-05-15.1	4.2.7
ERR7015367	NA	k141_182143	1727	2197	+	dfrA15	trimethoprim-resistant dihydrofolate reductase DfrA15	core	AMR	AMR	TRIMETHOPRIM	TRIMETHOPRIM	EXACTX	157	157	100.00	100.00	157	WP_001355915.1	trimethoprim-resistant dihydrofolate reductase DfrA15	NA	NA	2026-05-15.1	4.2.7
ERR7015367	NA	k141_188513	36	677	+	blaOXA	OXA-2 family class D beta-lactamase	core	AMR	AMR	BETA-LACTAM	BETA-LACTAM	PARTIAL_CONTIG_ENDX	214	275	77.82	100.00	214	WP_001007673.1	oxacillin-hydrolyzing class D beta-lactamase OXA-2	NA	NA	2026-05-15.1	4.2.7
ERR7015367	NA	k141_18861	3	437	+	blaSHV	SHV family class A beta-lactamase	core	AMR	AMR	BETA-LACTAM	BETA-LACTAM	PARTIAL_CONTIG_ENDX	145	286	50.70	100.00	145	WP_001620095.1	broad-spectrum class A beta-lactamase SHV-1	NA	NA	2026-05-15.1	4.2.7
ERR7015367	NA	k141_196980	147	866	+	aadA1	ANT(3'')-Ia family aminoglycoside nucleotidyltransferase AadA1	core	AMR	AMR	AMINOGLYCOSIDE	STREPTOMYCIN	BLASTX	240	263	91.25	100.00	240	WP_046622360.1	ANT(3'')-Ia family aminoglycoside nucleotidyltransferase AadA1	NA	NA	2026-05-15.1	4.2.7
ERR7015367	NA	k141_197209	56079	56960	-	cdiA	CdiA family class A beta-lactamase	core	AMR	AMR	BETA-LACTAM	BETA-LACTAM	BLASTX	294	294	100.00	99.32	294	WP_063842905.1	class A beta-lactamase CdiA-2	NA	NA	2026-05-15.1	4.2.7
ERR7015367	NA	k141_197209	90821	91993	+	oqxA	multidrug efflux RND transporter periplasmic adaptor subunit OqxA	core	AMR	AMR	NITROFURAN/PHENICOL/QUINOLONE/TETRACYCLINE	NITROFURANTOIN/PHENICOL/QUINOLONE/TIGECYCLINE	BLASTX	391	391	100.00	91.56	391	WP_002914189.1	multidrug efflux RND transporter periplasmic adaptor subunit OqxA	NA	NA	2026-05-15.1	4.2.7
ERR7015367	NA	k141_197209	92021	95167	+	oqxB	multidrug efflux RND transporter permease subunit OqxB	core	AMR	AMR	NITROFURAN/PHENICOL/QUINOLONE/TETRACYCLINE	NITROFURANTOIN/PHENICOL/QUINOLONE/TIGECYCLINE	BLASTX	1049	1050	99.90	96.66	1049	WP_040224644.1	multidrug efflux RND transporter permease subunit OqxB27	NA	NA	2026-05-15.1	4.2.7
ERR7015367	NA	k141_201261	1610	2251	+	qnrD	QnrD family quinolone resistance pentapeptide repeat protein	core	AMR	AMR	QUINOLONE	QUINOLONE	BLASTX	214	214	100.00	99.07	214	WP_109545045.1	quinolone resistance pentapeptide repeat protein QnrD3	NA	NA	2026-05-15.1	4.2.7
ERR7015367	NA	k141_204263	22919	24181	-	cmlB1	chloramphenicol efflux MFS transporter CmlB1	core	AMR	AMR	PHENICOL	CHLORAMPHENICOL	EXACTX	421	421	100.00	100.00	421	WP_024160909.1	chloramphenicol efflux MFS transporter CmlB1	NA	NA	2026-05-15.1	4.2.7
ERR7015367	NA	k141_204359	199	1071	-	blaCTX-M-14	extended-spectrum class A beta-lactamase CTX-M-14	core	AMR	AMR	BETA-LACTAM	CEPHALOSPORIN	ALLELEX	291	291	100.00	100.00	291	WP_001617865.1	extended-spectrum class A beta-lactamase CTX-M-14	NA	NA	2026-05-15.1	4.2.7
ERR7015367	NA	k141_204359	3887	4744	+	blaTEM-1	broad-spectrum class A beta-lactamase TEM-1	core	AMR	AMR	BETA-LACTAM	BETA-LACTAM	ALLELEX	286	286	100.00	100.00	286	WP_000027057.1	broad-spectrum class A beta-lactamase TEM-1	NA	NA	2026-05-15.1	4.2.7
ERR7015367	NA	k141_210568	1161	1817	-	catA16	type A-16 chloramphenicol O-acetyltransferase CatQ	core	AMR	AMR	PHENICOL	CHLORAMPHENICOL	BLASTX	219	219	100.00	96.35	219	WP_063843221.1	type A-16 chloramphenicol O-acetyltransferase CatQ	NA	NA	2026-05-15.1	4.2.7
ERR7015367	NA	k141_211868	330	1139	+	blaNDM-1	subclass B1 metallo-beta-lactamase NDM-1	core	AMR	AMR	BETA-LACTAM	CARBAPENEM	ALLELEX	270	270	100.00	100.00	270	WP_004201164.1	subclass B1 metallo-beta-lactamase NDM-1	NA	NA	2026-05-15.1	4.2.7
ERR7015367	NA	k141_211868	1146	1508	+	ble	bleomycin binding protein Ble-MBL	core	AMR	AMR	BLEOMYCIN	BLEOMYCIN	EXACTX	121	121	100.00	100.00	121	WP_004201167.1	bleomycin binding protein Ble-MBL	NA	NA	2026-05-15.1	4.2.7
ERR7015367	NA	k141_212702	1259	2470	+	floR	chloramphenicol/florfenicol efflux MFS transporter FloR	core	AMR	AMR	PHENICOL	CHLORAMPHENICOL/FLORFENICOL	EXACTX	404	404	100.00	100.00	404	WP_000214119.1	chloramphenicol/florfenicol efflux MFS transporter FloR	NA	NA	2026-05-15.1	4.2.7
ERR7015367	NA	k141_213454	1	360	-	dfrA	trimethoprim-resistant dihydrofolate reductase DfrA	core	AMR	AMR	TRIMETHOPRIM	TRIMETHOPRIM	PARTIAL_CONTIG_ENDX	120	157	76.43	96.67	120	WP_029391998.1	trimethoprim-resistant dihydrofolate reductase DfrA25	NA	NA	2026-05-15.1	4.2.7
ERR7015367	NA	k141_213785	173	703	-	ant(2'')-Ia	aminoglycoside nucleotidyltransferase ANT(2'')-Ia	core	AMR	AMR	AMINOGLYCOSIDE	GENTAMICIN/KANAMYCIN/TOBRAMYCIN	BLASTX	177	177	100.00	98.87	177	WP_000381803.1	aminoglycoside nucleotidyltransferase ANT(2'')-Ia	NA	NA	2026-05-15.1	4.2.7
ERR7015367	NA	k141_213785	851	1747	-	blaVEB-1	inhibitor-resistant extended-spectrum class A beta-lactamase VEB-1	core	AMR	AMR	BETA-LACTAM	CEPHALOSPORIN	ALLELEX	299	299	100.00	100.00	299	WP_000706731.1	inhibitor-resistant extended-spectrum class A beta-lactamase VEB-1	NA	NA	2026-05-15.1	4.2.7
ERR7015367	NA	k141_213785	2342	2896	-	aac(6')-Ia	aminoglycoside 6'-N-acetyltransferase AAC(6')-Ia	core	AMR	AMR	AMINOGLYCOSIDE	AMINOGLYCOSIDE	EXACTX	185	185	100.00	100.00	185	WP_058677876.1	aminoglycoside 6'-N-acetyltransferase AAC(6')-Ia	NA	NA	2026-05-15.1	4.2.7
ERR7015367	NA	k141_214811	152	622	+	dfrA7	trimethoprim-resistant dihydrofolate reductase DfrA7	core	AMR	AMR	TRIMETHOPRIM	TRIMETHOPRIM	EXACTX	157	157	100.00	100.00	157	WP_000703418.1	trimethoprim-resistant dihydrofolate reductase DfrA7	NA	NA	2026-05-15.1	4.2.7
ERR7015367	NA	k141_226343	70	1254	-	tet(39)	tetracycline efflux MFS transporter Tet(39)	core	AMR	AMR	TETRACYCLINE	TETRACYCLINE	EXACTX	395	395	100.00	100.00	395	WP_004856455.1	tetracycline efflux MFS transporter Tet(39)	NA	NA	2026-05-15.1	4.2.7
ERR7015367	NA	k141_229852	2384	3619	-	mrx(A)	phosphorylated macrolide efflux MFS transporter Mrx(A)	core	AMR	AMR	MACROLIDE	AZITHROMYCIN/ERYTHROMYCIN/SPIRAMYCIN/TELITHROMYCIN	EXACTX	412	412	100.00	100.00	412	WP_000004159.1	phosphorylated macrolide efflux MFS transporter Mrx(A)	NA	NA	2026-05-15.1	4.2.7
ERR7015367	NA	k141_229852	3619	4521	-	mph(A)	Mph(A) family macrolide 2'-phosphotransferase	core	AMR	AMR	MACROLIDE	AZITHROMYCIN/ERYTHROMYCIN/SPIRAMYCIN/TELITHROMYCIN	EXACTX	301	301	100.00	100.00	301	WP_000219391.1	Mph(A) family macrolide 2'-phosphotransferase	NA	NA	2026-05-15.1	4.2.7
ERR7015367	NA	k141_230200	4546	5688	+	blaACT-16	cephalosporin-hydrolyzing class C beta-lactamase ACT-16	core	AMR	AMR	BETA-LACTAM	CEPHALOSPORIN	ALLELEX	381	381	100.00	100.00	381	WP_023315250.1	cephalosporin-hydrolyzing class C beta-lactamase ACT-16	NA	NA	2026-05-15.1	4.2.7
ERR7015367	NA	k141_230304	13775	14917	+	blaACT-52	cephalosporin-hydrolyzing class C beta-lactamase ACT-52	core	AMR	AMR	BETA-LACTAM	CEPHALOSPORIN	ALLELEX	381	381	100.00	100.00	381	WP_014882211.1	cephalosporin-hydrolyzing class C beta-lactamase ACT-52	NA	NA	2026-05-15.1	4.2.7
ERR7015367	NA	k141_232241	1250	1927	+	blaOXA	class D beta-lactamase	core	AMR	AMR	BETA-LACTAM	BETA-LACTAM	PARTIAL_CONTIG_ENDX	226	264	85.61	99.56	226	WP_049637206.1	class D beta-lactamase OXA-780	NA	NA	2026-05-15.1	4.2.7
ERR7015367	NA	k141_232245	1	459	+	blaOXA	class D beta-lactamase	core	AMR	AMR	BETA-LACTAM	BETA-LACTAM	PARTIAL_CONTIG_ENDX	153	264	57.95	100.00	153	WP_052815145.1	class D beta-lactamase OXA-1159	NA	NA	2026-05-15.1	4.2.7
ERR7015367	NA	k141_235535	2	700	-	blaCMY	CMY-2 family class C beta-lactamase	core	AMR	AMR	BETA-LACTAM	CEPHALOSPORIN	PARTIAL_CONTIG_ENDX	233	381	61.15	95.71	233	WP_016155498.1	class C beta-lactamase CMY-101	NA	NA	2026-05-15.1	4.2.7
ERR7015367	NA	k141_236412	3	1013	-	tet(O)	tetracycline resistance ribosomal protection protein Tet(O)	core	AMR	AMR	TETRACYCLINE	TETRACYCLINE	PARTIAL_CONTIG_ENDX	337	639	52.74	99.11	337	WP_044666383.1	tetracycline resistance ribosomal protection protein Tet(O)	NA	NA	2026-05-15.1	4.2.7
ERR7015367	NA	k141_237866	267	722	+	aac(6')-Il	aminoglycoside N-acetyltransferase AAC(6')-Il	core	AMR	AMR	AMINOGLYCOSIDE	AMIKACIN/KANAMYCIN/TOBRAMYCIN	EXACTX	152	152	100.00	100.00	152	WP_013263788.1	aminoglycoside N-acetyltransferase AAC(6')-Il	NA	NA	2026-05-15.1	4.2.7
ERR7015367	NA	k141_238651	1805	2275	+	dfrA1	trimethoprim-resistant dihydrofolate reductase DfrA1	core	AMR	AMR	TRIMETHOPRIM	TRIMETHOPRIM	EXACTX	157	157	100.00	100.00	157	WP_000777555.1	trimethoprim-resistant dihydrofolate reductase DfrA1	NA	NA	2026-05-15.1	4.2.7
ERR7015367	NA	k141_238813	1	507	+	aadS	aminoglycoside 6-adenylyltransferase AadS	core	AMR	AMR	AMINOGLYCOSIDE	STREPTOMYCIN	INTERNAL_STOP	169	287	58.89	98.82	169	WP_003013318.1	aminoglycoside 6-adenylyltransferase AadS	NA	NA	2026-05-15.1	4.2.7
ERR7015367	NA	k141_240319	587	1057	-	dfrA14	trimethoprim-resistant dihydrofolate reductase DfrA14	core	AMR	AMR	TRIMETHOPRIM	TRIMETHOPRIM	EXACTX	157	157	100.00	100.00	157	WP_004201280.1	trimethoprim-resistant dihydrofolate reductase DfrA14	NA	NA	2026-05-15.1	4.2.7
ERR7015367	NA	k141_240481	1	642	-	tet(X2)	tetracycline-inactivating monooxygenase Tet(X2)	core	AMR	AMR	TETRACYCLINE	TIGECYCLINE	PARTIAL_CONTIG_ENDX	214	388	55.15	99.53	214	WP_008651082.1	tetracycline-inactivating monooxygenase Tet(X2)	NA	NA	2026-05-15.1	4.2.7
ERR7015367	NA	k141_246553	459	1025	-	dfrA19	trimethoprim-resistant dihydrofolate reductase DfrA19	core	AMR	AMR	TRIMETHOPRIM	TRIMETHOPRIM	EXACTX	189	189	100.00	100.00	189	WP_000019304.1	trimethoprim-resistant dihydrofolate reductase DfrA19	NA	NA	2026-05-15.1	4.2.7
ERR7015367	NA	k141_250590	1	414	-	aac(6')	AAC(6')-Ia family aminoglycoside 6'-N-acetyltransferase	core	AMR	AMR	AMINOGLYCOSIDE	AMINOGLYCOSIDE	PARTIAL_CONTIG_ENDX	138	183	75.41	100.00	138	WP_045890872.1	AAC(6')-Ia family aminoglycoside 6'-N-acetyltransferase AacA56	NA	NA	2026-05-15.1	4.2.7
ERR7015367	NA	k141_252820	3604	4257	-	qnrS1	quinolone resistance pentapeptide repeat protein QnrS1	core	AMR	AMR	QUINOLONE	QUINOLONE	ALLELEX	218	218	100.00	100.00	218	WP_001516695.1	quinolone resistance pentapeptide repeat protein QnrS1	NA	NA	2026-05-15.1	4.2.7
ERR7015367	NA	k141_253047	203	475	+	aacA34	aminoglycoside 6'-N-acetyltransferase AacA34	core	AMR	AMR	AMINOGLYCOSIDE	KANAMYCIN/TOBRAMYCIN	PARTIAL_CONTIG_ENDX	91	146	61.64	92.31	91	WP_052285801.1	aminoglycoside 6'-N-acetyltransferase AacA34	NA	NA	2026-05-15.1	4.2.7
ERR7015367	NA	k141_257455	1	744	+	blaMCA	MCA family class C beta-lactamase	core	AMR	AMR	BETA-LACTAM	BETA-LACTAM	PARTIAL_CONTIG_ENDX	248	390	63.59	91.94	248	WP_057991970.1	MCA family class C beta-lactamase	NA	NA	2026-05-15.1	4.2.7
ERR7015367	NA	k141_259543	12140	13282	+	blaCMH	CMH family class C beta-lactamase	core	AMR	AMR	BETA-LACTAM	BETA-LACTAM	BLASTX	381	381	100.00	98.95	381	WP_040020536.1	class C beta-lactamase CMH-15	NA	NA	2026-05-15.1	4.2.7
ERR7015367	NA	k141_260097	3	2099	+	oqxB	multidrug efflux RND transporter permease subunit OqxB	core	AMR	AMR	NITROFURAN/PHENICOL/QUINOLONE/TETRACYCLINE	NITROFURANTOIN/PHENICOL/QUINOLONE/TIGECYCLINE	PARTIAL_CONTIG_ENDX	699	1050	66.57	96.42	699	WP_012967412.1	multidrug efflux RND transporter permease subunit OqxB9	NA	NA	2026-05-15.1	4.2.7
ERR7015367	NA	k141_2616	165	581	-	fosA	FosA5 family fosfomycin resistance glutathione transferase	core	AMR	AMR	FOSFOMYCIN	FOSFOMYCIN	BLASTX	139	139	100.00	98.56	139	WP_004146118.1	FosA5 family fosfomycin resistance glutathione transferase	NA	NA	2026-05-15.1	4.2.7
ERR7015367	NA	k141_271849	1010	2212	-	tet(B)	tetracycline efflux MFS transporter Tet(B)	core	AMR	AMR	TETRACYCLINE	TETRACYCLINE	EXACTX	401	401	100.00	100.00	401	WP_001089068.1	tetracycline efflux MFS transporter Tet(B)	NA	NA	2026-05-15.1	4.2.7
ERR7015367	NA	k141_272525	38	1207	-	blaMCA	MCA family class C beta-lactamase	core	AMR	AMR	BETA-LACTAM	BETA-LACTAM	BLASTX	390	390	100.00	99.23	390	WP_057991970.1	MCA family class C beta-lactamase	NA	NA	2026-05-15.1	4.2.7
ERR7015367	NA	k141_272866	1	717	+	bla	class A beta-lactamase	core	AMR	AMR	BETA-LACTAM	BETA-LACTAM	PARTIAL_CONTIG_ENDX	239	293	81.57	100.00	239	WP_011270171.1	class A beta-lactamase	NA	NA	2026-05-15.1	4.2.7
ERR7015367	NA	k141_29634	3	926	+	cfxA	CfxA family broad-spectrum class A beta-lactamase	core	AMR	AMR	BETA-LACTAM	BETA-LACTAM	BLASTX	308	321	95.95	100.00	308	WP_004339683.1	CfxA family broad-spectrum class A beta-lactamase	NA	NA	2026-05-15.1	4.2.7
ERR7015367	NA	k141_30697	1827	2267	+	cphA	CphA family subclass B2 metallo-beta-lactamase	core	AMR	AMR	BETA-LACTAM	CARBAPENEM	PARTIAL_CONTIG_ENDX	147	254	57.87	98.64	147	WP_431419235.1	subclass B2 metallo-beta-lactamase CphA-18	NA	NA	2026-05-15.1	4.2.7
ERR7015367	NA	k141_31386	196	1368	+	oqxA	multidrug efflux RND transporter periplasmic adaptor subunit OqxA	core	AMR	AMR	NITROFURAN/PHENICOL/QUINOLONE/TETRACYCLINE	NITROFURANTOIN/PHENICOL/QUINOLONE/TIGECYCLINE	BLASTX	391	391	100.00	92.33	391	WP_002914189.1	multidrug efflux RND transporter periplasmic adaptor subunit OqxA	NA	NA	2026-05-15.1	4.2.7
ERR7015367	NA	k141_32278	237	1673	-	aac(6')-Ie/aph(2'')-Ia	bifunctional aminoglycoside N-acetyltransferase AAC(6')-Ie/aminoglycoside O-phosphotransferase APH(2'')-Ia	core	AMR	AMR	AMINOGLYCOSIDE	AMIKACIN/GENTAMICIN/KANAMYCIN/TOBRAMYCIN	EXACTX	479	479	100.00	100.00	479	WP_001028144.1	bifunctional aminoglycoside N-acetyltransferase AAC(6')-Ie/aminoglycoside O-phosphotransferase APH(2'')-Ia	NA	NA	2026-05-15.1	4.2.7
ERR7015367	NA	k141_33234	1	417	-	blaOXA	OXA-46 family oxacillin-hydrolyzing class D beta-lactamase	core	AMR	AMR	BETA-LACTAM	BETA-LACTAM	PARTIAL_CONTIG_ENDX	139	266	52.26	97.84	139	WP_063864090.1	oxacillin-hydrolyzing class D beta-lactamase OXA-46	NA	NA	2026-05-15.1	4.2.7
ERR7015367	NA	k141_33493	849	2321	+	msr(E)	ABC-F type ribosomal protection protein Msr(E)	core	AMR	AMR	MACROLIDE/STREPTOGRAMIN	AZITHROMYCIN/ERYTHROMYCIN/STREPTOGRAMIN	EXACTX	491	491	100.00	100.00	491	WP_000052512.1	ABC-F type ribosomal protection protein Msr(E)	NA	NA	2026-05-15.1	4.2.7
ERR7015367	NA	k141_33493	2380	3261	+	mph(E)	Mph(E) family macrolide 2'-phosphotransferase	core	AMR	AMR	MACROLIDE	ERYTHROMYCIN	EXACTX	294	294	100.00	100.00	294	WP_000155092.1	Mph(E) family macrolide 2'-phosphotransferase	NA	NA	2026-05-15.1	4.2.7
ERR7015367	NA	k141_33516	242	1039	-	blaOXA	OXA-10 family class D beta-lactamase	core	AMR	AMR	BETA-LACTAM	BETA-LACTAM	INTERNAL_STOP	266	266	100.00	99.62	266	WP_000846390.1	oxacillin-hydrolyzing class D beta-lactamase OXA-10	NA	NA	2026-05-15.1	4.2.7
ERR7015367	NA	k141_33516	1307	2563	-	cmlA5	chloramphenicol efflux MFS transporter CmlA5	core	AMR	AMR	PHENICOL	CHLORAMPHENICOL	BLASTX	419	419	100.00	99.52	419	WP_012300772.1	chloramphenicol efflux MFS transporter CmlA5	NA	NA	2026-05-15.1	4.2.7
ERR7015367	NA	k141_33516	2887	3336	-	arr-3	NAD(+)--rifampin ADP-ribosyltransferase Arr-3	core	AMR	AMR	RIFAMYCIN	RIFAMYCIN	EXACTX	150	150	100.00	100.00	150	WP_001749986.1	NAD(+)--rifampin ADP-ribosyltransferase Arr-3	NA	NA	2026-05-15.1	4.2.7
ERR7015367	NA	k141_33516	3424	4053	-	catB3	type B-3 chloramphenicol O-acetyltransferase CatB3	core	AMR	AMR	PHENICOL	CHLORAMPHENICOL	EXACTX	210	210	100.00	100.00	210	WP_000186237.1	type B-3 chloramphenicol O-acetyltransferase CatB3	NA	NA	2026-05-15.1	4.2.7
ERR7015367	NA	k141_33516	4194	5021	-	blaOXA-1	oxacillin-hydrolyzing class D beta-lactamase OXA-1	core	AMR	AMR	BETA-LACTAM	CEPHALOSPORIN	ALLELEX	276	276	100.00	100.00	276	WP_001334766.1	oxacillin-hydrolyzing class D beta-lactamase OXA-1	NA	NA	2026-05-15.1	4.2.7
ERR7015367	NA	k141_33516	5155	5706	-	aac(6')-Ib-cr5	fluoroquinolone-acetylating aminoglycoside 6'-N-acetyltransferase AAC(6')-Ib-cr5	core	AMR	AMR	AMINOGLYCOSIDE/QUINOLONE	AMIKACIN/KANAMYCIN/QUINOLONE/TOBRAMYCIN	ALLELEX	184	184	100.00	100.00	184	WP_063840321.1	fluoroquinolone-acetylating aminoglycoside 6'-N-acetyltransferase AAC(6')-Ib-cr5	NA	NA	2026-05-15.1	4.2.7
ERR7015367	NA	k141_33516	5876	6529	-	qnrVC4	quinolone resistance pentapeptide repeat protein QnrVC4	core	AMR	AMR	QUINOLONE	QUINOLONE	ALLELEX	218	218	100.00	100.00	218	WP_000361704.1	quinolone resistance pentapeptide repeat protein QnrVC4	NA	NA	2026-05-15.1	4.2.7
ERR7015367	NA	k141_33609	2	685	+	blaCMY	CMY-2 family class C beta-lactamase	core	AMR	AMR	BETA-LACTAM	CEPHALOSPORIN	PARTIAL_CONTIG_ENDX	228	381	59.84	99.12	228	WP_063859830.1	class C beta-lactamase CMY-26	NA	NA	2026-05-15.1	4.2.7
ERR7015367	NA	k141_33620	2	685	+	blaCMY	CMY-2 family class C beta-lactamase	core	AMR	AMR	BETA-LACTAM	CEPHALOSPORIN	PARTIAL_CONTIG_ENDX	228	381	59.84	100.00	228	WP_032937778.1	class C beta-lactamase CMY-152	NA	NA	2026-05-15.1	4.2.7
ERR7015367	NA	k141_36062	10950	11813	-	blaSCO-1	class A beta-lactamase SCO-1	core	AMR	AMR	BETA-LACTAM	BETA-LACTAM	ALLELEX	288	288	100.00	100.00	288	WP_004197546.1	class A beta-lactamase SCO-1	NA	NA	2026-05-15.1	4.2.7
ERR7015367	NA	k141_36957	587	1798	+	floR2	chloramphenicol/florfenicol efflux MFS transporter FloR2	core	AMR	AMR	PHENICOL	CHLORAMPHENICOL/FLORFENICOL	BLASTX	404	404	100.00	99.75	404	WP_000214125.1	chloramphenicol/florfenicol efflux MFS transporter FloR2	NA	NA	2026-05-15.1	4.2.7
ERR7015367	NA	k141_36957	2738	3910	+	tet(G)	tetracycline efflux MFS transporter Tet(G)	core	AMR	AMR	TETRACYCLINE	TETRACYCLINE	EXACTX	391	391	100.00	100.00	391	WP_001257840.1	tetracycline efflux MFS transporter Tet(G)	NA	NA	2026-05-15.1	4.2.7
ERR7015367	NA	k141_3827	1667	2863	+	tet(A)	tetracycline efflux MFS transporter Tet(A)	core	AMR	AMR	TETRACYCLINE	TETRACYCLINE	EXACTX	399	399	100.00	100.00	399	WP_031942321.1	tetracycline efflux MFS transporter Tet(A)	NA	NA	2026-05-15.1	4.2.7
ERR7015367	NA	k141_3876	227	1039	+	aph(3')-Ia	aminoglycoside O-phosphotransferase APH(3')-Ia	core	AMR	AMR	AMINOGLYCOSIDE	KANAMYCIN	EXACTX	271	271	100.00	100.00	271	WP_000018329.1	aminoglycoside O-phosphotransferase APH(3')-Ia	NA	NA	2026-05-15.1	4.2.7
ERR7015367	NA	k141_3906	1661	2848	+	tet(C)	tetracycline efflux MFS transporter Tet(C)	core	AMR	AMR	TETRACYCLINE	TETRACYCLINE	EXACTX	396	396	100.00	100.00	396	WP_001297013.1	tetracycline efflux MFS transporter Tet(C)	NA	NA	2026-05-15.1	4.2.7
ERR7015367	NA	k141_39523	28	759	+	blaPAU	PAU family class A beta-lactamase	core	AMR	AMR	BETA-LACTAM	BETA-LACTAM	PARTIALX	244	293	83.28	100.00	244	WP_148044424.1	class A beta-lactamase PAU-1	NA	NA	2026-05-15.1	4.2.7
ERR7015367	NA	k141_41163	27	1544	+	tet(W)	tetracycline resistance ribosomal protection protein Tet(W)	core	AMR	AMR	TETRACYCLINE	TETRACYCLINE	PARTIAL_CONTIG_ENDX	506	639	79.19	100.00	506	WP_002586627.1	tetracycline resistance ribosomal protection protein Tet(W)	NA	NA	2026-05-15.1	4.2.7
ERR7015367	NA	k141_41814	19	1374	+	lsa(E)	ABC-F type ribosomal protection protein Lsa(E)	core	AMR	AMR	LINCOSAMIDE/STREPTOGRAMIN	LINCOSAMIDE/STREPTOGRAMIN	INTERNAL_STOP	452	494	91.50	98.45	452	WP_002294513.1	ABC-F type ribosomal protection protein Lsa(E)	NA	NA	2026-05-15.1	4.2.7
ERR7015367	NA	k141_41814	1431	1988	+	lnu(B)	lincosamide nucleotidyltransferase Lnu(B)	core	AMR	AMR	LINCOSAMIDE	LINCOSAMIDE	PARTIAL_CONTIG_ENDX	186	267	69.66	97.31	186	WP_002294514.1	lincosamide nucleotidyltransferase Lnu(B)	NA	NA	2026-05-15.1	4.2.7
ERR7015367	NA	k141_44684	2	1075	-	toprJ	multidrug efflux transporter outer membrane subunit TOprJ	core	AMR	AMR	TETRACYCLINE	TIGECYCLINE	PARTIAL_CONTIG_ENDX	358	477	75.05	100.00	358	WP_003152694.1	multidrug efflux transporter outer membrane subunit TOprJ1	NA	NA	2026-05-15.1	4.2.7
ERR7015367	NA	k141_48836	1	537	+	blaPER	PER family extended-spectrum class A beta-lactamase	core	AMR	AMR	BETA-LACTAM	CEPHALOSPORIN	PARTIAL_CONTIG_ENDX	179	308	58.12	100.00	179	WP_049637349.1	extended-spectrum class A beta-lactamase PER-3	NA	NA	2026-05-15.1	4.2.7
ERR7015367	NA	k141_50952	1	429	+	cphA	CphA family subclass B2 metallo-beta-lactamase	core	AMR	AMR	BETA-LACTAM	CARBAPENEM	PARTIAL_CONTIG_ENDX	143	254	56.30	98.60	143	WP_063865208.1	subclass B2 metallo-beta-lactamase CphA-2	NA	NA	2026-05-15.1	4.2.7
ERR7015367	NA	k141_52687	200	1003	-	blaLAP	LAP family class A beta-lactamase	core	AMR	AMR	BETA-LACTAM	BETA-LACTAM	BLASTX	268	285	94.04	99.63	268	WP_012477595.1	class A beta-lactamase LAP-2	NA	NA	2026-05-15.1	4.2.7
ERR7015367	NA	k141_5320	376	1557	+	tet(D)	tetracycline efflux MFS transporter Tet(D)	core	AMR	AMR	TETRACYCLINE	TETRACYCLINE	EXACTX	394	394	100.00	100.00	394	WP_001039466.1	tetracycline efflux MFS transporter Tet(D)	NA	NA	2026-05-15.1	4.2.7
ERR7015367	NA	k141_56634	18555	19769	+	tet(E)	tetracycline efflux MFS transporter Tet(E)	core	AMR	AMR	TETRACYCLINE	TETRACYCLINE	BLASTX	405	405	100.00	99.75	405	WP_063856076.1	tetracycline efflux MFS transporter Tet(E)	NA	NA	2026-05-15.1	4.2.7
ERR7015367	NA	k141_57156	1583	2224	-	qnrB1	quinolone resistance pentapeptide repeat protein QnrB1	core	AMR	AMR	QUINOLONE	QUINOLONE	ALLELEX	214	214	100.00	100.00	214	WP_014386481.1	quinolone resistance pentapeptide repeat protein QnrB1	NA	NA	2026-05-15.1	4.2.7
ERR7015367	NA	k141_5822	160	957	-	erm(F)	23S rRNA (adenine(2058)-N(6))-methyltransferase Erm(F)	core	AMR	AMR	LINCOSAMIDE/MACROLIDE/STREPTOGRAMIN	CLINDAMYCIN/MACROLIDE/STREPTOGRAMIN	BLASTX	266	266	100.00	99.25	266	WP_002682030.1	23S rRNA (adenine(2058)-N(6))-methyltransferase Erm(F)	NA	NA	2026-05-15.1	4.2.7
ERR7015367	NA	k141_58852	2427	3080	-	qnrS2	quinolone resistance pentapeptide repeat protein QnrS2	core	AMR	AMR	QUINOLONE	QUINOLONE	ALLELEX	218	218	100.00	100.00	218	WP_012537714.1	quinolone resistance pentapeptide repeat protein QnrS2	NA	NA	2026-05-15.1	4.2.7
ERR7015367	NA	k141_59776	341	1189	+	blaRSA1	RSA1 family class A beta-lactamase	core	AMR	AMR	BETA-LACTAM	CEPHALOSPORIN	EXACTX	283	283	100.00	100.00	283	WP_216944871.1	RSA1 family class A beta-lactamase	NA	NA	2026-05-15.1	4.2.7
ERR7015367	NA	k141_60351	160	1023	+	blaCARB-2	PSE family carbenicillin-hydrolyzing class A beta-lactamase CARB-2	core	AMR	AMR	BETA-LACTAM	BETA-LACTAM	ALLELEX	288	288	100.00	100.00	288	WP_001931474.1	PSE family carbenicillin-hydrolyzing class A beta-lactamase CARB-2	NA	NA	2026-05-15.1	4.2.7
ERR7015367	NA	k141_60351	1160	1474	+	smr	multidrug efflux SMR transporter Smr	core	STRESS	BIOCIDE	QUATERNARY AMMONIUM	QUATERNARY AMMONIUM	BLASTX	105	105	100.00	93.33	105	WP_032491400.1	multidrug efflux SMR transporter Smr	NA	NA	2026-05-15.1	4.2.7
ERR7015367	NA	k141_60542	256	489	-	dfrB5	trimethoprim-resistant dihydrofolate reductase DfrB5	core	AMR	AMR	TRIMETHOPRIM	TRIMETHOPRIM	EXACTX	78	78	100.00	100.00	78	WP_063844482.1	trimethoprim-resistant dihydrofolate reductase DfrB5	NA	NA	2026-05-15.1	4.2.7
ERR7015367	NA	k141_60542	676	1536	-	blaGES-2	extended-spectrum class A beta-lactamase GES-2	core	AMR	AMR	BETA-LACTAM	CEPHALOSPORIN	ALLELEX	287	287	100.00	100.00	287	WP_045912044.1	extended-spectrum class A beta-lactamase GES-2	NA	NA	2026-05-15.1	4.2.7
ERR7015367	NA	k141_66322	3	599	-	blaCMY	CMY-2 family class C beta-lactamase	core	AMR	AMR	BETA-LACTAM	CEPHALOSPORIN	PARTIAL_CONTIG_ENDX	199	381	52.23	100.00	199	WP_046670810.1	class C beta-lactamase CMY-189	NA	NA	2026-05-15.1	4.2.7
ERR7015367	NA	k141_67979	145	639	+	dfrA12	trimethoprim-resistant dihydrofolate reductase DfrA12	core	AMR	AMR	TRIMETHOPRIM	TRIMETHOPRIM	EXACTX	165	165	100.00	100.00	165	WP_001083725.1	trimethoprim-resistant dihydrofolate reductase DfrA12	NA	NA	2026-05-15.1	4.2.7
ERR7015367	NA	k141_67979	1050	1838	+	aadA2	ANT(3'')-Ia family aminoglycoside nucleotidyltransferase AadA2	core	AMR	AMR	AMINOGLYCOSIDE	STREPTOMYCIN	EXACTX	263	263	100.00	100.00	263	WP_001206356.1	ANT(3'')-Ia family aminoglycoside nucleotidyltransferase AadA2	NA	NA	2026-05-15.1	4.2.7
ERR7015367	NA	k141_67989	170	799	+	catB8	type B-3 chloramphenicol O-acetyltransferase CatB8	core	AMR	AMR	PHENICOL	CHLORAMPHENICOL	EXACTX	210	210	100.00	100.00	210	WP_002075262.1	type B-3 chloramphenicol O-acetyltransferase CatB8	NA	NA	2026-05-15.1	4.2.7
ERR7015367	NA	k141_67996	156	626	+	dfrA5	trimethoprim-resistant dihydrofolate reductase DfrA5	core	AMR	AMR	TRIMETHOPRIM	TRIMETHOPRIM	EXACTX	157	157	100.00	100.00	157	WP_001317507.1	trimethoprim-resistant dihydrofolate reductase DfrA5	NA	NA	2026-05-15.1	4.2.7
ERR7015367	NA	k141_68054	3	476	-	aadA7	ANT(3'')-Ia family aminoglycoside nucleotidyltransferase AadA7	core	AMR	AMR	AMINOGLYCOSIDE	STREPTOMYCIN	PARTIAL_CONTIG_ENDX	158	265	59.62	100.00	158	WP_001436322.1	ANT(3'')-Ia family aminoglycoside nucleotidyltransferase AadA7	NA	NA	2026-05-15.1	4.2.7
ERR7015367	NA	k141_70817	659	988	+	qacF	quaternary ammonium compound efflux SMR transporter QacF	core	STRESS	BIOCIDE	QUATERNARY AMMONIUM	QUATERNARY AMMONIUM	EXACTX	110	110	100.00	100.00	110	WP_015243636.1	quaternary ammonium compound efflux SMR transporter QacF	NA	NA	2026-05-15.1	4.2.7
ERR7015367	NA	k141_74239	848	1354	+	dfrA20	trimethoprim-resistant dihydrofolate reductase DfrA20	core	AMR	AMR	TRIMETHOPRIM	TRIMETHOPRIM	BLASTX	169	169	100.00	97.63	169	WP_032491181.1	trimethoprim-resistant dihydrofolate reductase DfrA20	NA	NA	2026-05-15.1	4.2.7
ERR7015367	NA	k141_74272	2	307	-	ant(2'')-Ia	aminoglycoside nucleotidyltransferase ANT(2'')-Ia	core	AMR	AMR	AMINOGLYCOSIDE	GENTAMICIN/KANAMYCIN/TOBRAMYCIN	PARTIAL_CONTIG_ENDX	102	177	57.63	100.00	102	WP_000381802.1	aminoglycoside nucleotidyltransferase ANT(2'')-Ia	NA	NA	2026-05-15.1	4.2.7
ERR7015367	NA	k141_76108	60	371	+	nimA	5-nitroimidazole reductase NimA	core	AMR	AMR	NITROIMIDAZOLE	NITROIMIDAZOLE	PARTIALX	104	176	59.09	100.00	104	WP_032488596.1	5-nitroimidazole reductase NimA	NA	NA	2026-05-15.1	4.2.7
ERR7015367	NA	k141_81031	69061	69483	+	fosA	FosA/FosA2 family fosfomycin resistance glutathione transferase	core	AMR	AMR	FOSFOMYCIN	FOSFOMYCIN	BLASTX	141	141	100.00	93.62	141	WP_025205684.1	fosfomycin resistance glutathione transferase FosA2	NA	NA	2026-05-15.1	4.2.7
ERR7015367	NA	k141_82195	1	177	-	qacK	quaternary ammonium compound efflux SMR transporter QacK	core	STRESS	BIOCIDE	QUATERNARY AMMONIUM	QUATERNARY AMMONIUM	PARTIAL_CONTIG_ENDX	59	110	53.64	98.31	59	WP_071593221.1	quaternary ammonium compound efflux SMR transporter QacK	NA	NA	2026-05-15.1	4.2.7
ERR7015367	NA	k141_84903	381	710	+	qacL	quaternary ammonium compound efflux SMR transporter QacL	core	STRESS	BIOCIDE	QUATERNARY AMMONIUM	QUATERNARY AMMONIUM	EXACTX	110	110	100.00	100.00	110	WP_000800531.1	quaternary ammonium compound efflux SMR transporter QacL	NA	NA	2026-05-15.1	4.2.7
ERR7015367	NA	k141_84903	1896	2684	-	sul3	sulfonamide-resistant dihydropteroate synthase Sul3	core	AMR	AMR	SULFONAMIDE	SULFONAMIDE	EXACTX	263	263	100.00	100.00	263	WP_000034420.1	sulfonamide-resistant dihydropteroate synthase Sul3	NA	NA	2026-05-15.1	4.2.7
ERR7015367	NA	k141_851	15332	18481	-	oqxB	multidrug efflux RND transporter permease subunit OqxB	core	AMR	AMR	NITROFURAN/PHENICOL/QUINOLONE/TETRACYCLINE	NITROFURANTOIN/PHENICOL/QUINOLONE/TIGECYCLINE	BLASTX	1050	1050	100.00	97.52	1050	WP_000347934.1	multidrug efflux RND transporter permease subunit OqxB	NA	NA	2026-05-15.1	4.2.7
ERR7015367	NA	k141_851	18509	19681	-	oqxA	multidrug efflux RND transporter periplasmic adaptor subunit OqxA	core	AMR	AMR	NITROFURAN/PHENICOL/QUINOLONE/TETRACYCLINE	NITROFURANTOIN/PHENICOL/QUINOLONE/TIGECYCLINE	BLASTX	391	391	100.00	90.79	391	WP_002914189.1	multidrug efflux RND transporter periplasmic adaptor subunit OqxA	NA	NA	2026-05-15.1	4.2.7
ERR7015367	NA	k141_86104	867	2297	+	tet(M)	tetracycline resistance ribosomal protection protein Tet(M)	core	AMR	AMR	TETRACYCLINE	TETRACYCLINE	PARTIAL_CONTIG_ENDX	477	639	74.65	98.32	477	WP_002414694.1	tetracycline resistance ribosomal protection protein Tet(M)	NA	NA	2026-05-15.1	4.2.7
ERR7015367	NA	k141_92198	1	777	+	aac(3)-IIe	aminoglycoside N-acetyltransferase AAC(3)-IIe	core	AMR	AMR	AMINOGLYCOSIDE	GENTAMICIN	BLASTX	259	286	90.56	100.00	259	WP_000557452.1	aminoglycoside N-acetyltransferase AAC(3)-IIe	NA	NA	2026-05-15.1	4.2.7
ERR7015367	NA	k141_92228	1	591	-	oqxA	multidrug efflux RND transporter periplasmic adaptor subunit OqxA	core	AMR	AMR	NITROFURAN/PHENICOL/QUINOLONE/TETRACYCLINE	NITROFURANTOIN/PHENICOL/QUINOLONE/TIGECYCLINE	PARTIAL_CONTIG_ENDX	197	391	50.38	99.49	197	WP_002914189.1	multidrug efflux RND transporter periplasmic adaptor subunit OqxA	NA	NA	2026-05-15.1	4.2.7
ERR7015367	NA	k141_93185	3	326	-	aac(6')-IIa	aminoglycoside N-acetyltransferase AAC(6')-IIa	core	AMR	AMR	AMINOGLYCOSIDE	GENTAMICIN/KANAMYCIN/TOBRAMYCIN	PARTIAL_CONTIG_ENDX	108	184	58.70	100.00	108	WP_023622803.1	aminoglycoside N-acetyltransferase AAC(6')-IIa	NA	NA	2026-05-15.1	4.2.7
ERR7015367	NA	k141_93313	1887	2720	-	aph(6)-Id	aminoglycoside O-phosphotransferase APH(6)-Id	core	AMR	AMR	AMINOGLYCOSIDE	STREPTOMYCIN	EXACTX	278	278	100.00	100.00	278	WP_000480968.1	aminoglycoside O-phosphotransferase APH(6)-Id	NA	NA	2026-05-15.1	4.2.7
ERR7015367	NA	k141_93313	2723	3523	-	aph(3'')-Ib	aminoglycoside O-phosphotransferase APH(3'')-Ib	core	AMR	AMR	AMINOGLYCOSIDE	STREPTOMYCIN	EXACTX	267	267	100.00	100.00	267	WP_001082319.1	aminoglycoside O-phosphotransferase APH(3'')-Ib	NA	NA	2026-05-15.1	4.2.7
ERR7015367	NA	k141_95738	2	589	-	aph(3')-IIc	aminoglycoside O-phosphotransferase APH(3')-IIc	core	AMR	AMR	AMINOGLYCOSIDE	KANAMYCIN	PARTIAL_CONTIG_ENDX	196	267	73.41	91.84	196	WP_012479999.1	aminoglycoside O-phosphotransferase APH(3')-IIc	NA	NA	2026-05-15.1	4.2.7
ERR7015367	NA	k141_99446	3	659	-	blaCAE	CAE family broad-spectrum class A beta-lactamase	core	AMR	AMR	BETA-LACTAM	CEPHALOSPORIN	PARTIAL_CONTIG_ENDX	219	302	72.52	100.00	219	WP_158386862.1	broad-spectrum class A beta-lactamase CAE-1	NA	NA	2026-05-15.1	4.2.7
ERR7015387	NA	k141_104841	2192	3334	+	blaCMY-4	extended-spectrum class C beta-lactamase CMY-4	core	AMR	AMR	BETA-LACTAM	CEPHALOSPORIN	ALLELEX	381	381	100.00	100.00	381	WP_015056382.1	extended-spectrum class C beta-lactamase CMY-4	NA	NA
ERR7015387	NA	k141_106093	4509	6425	-	tet(M)	tetracycline resistance ribosomal protection protein Tet(M)	core	AMR	AMR	TETRACYCLINE	TETRACYCLINE	EXACTX	639	639	100.00	100.00	639	WP_000691737.1	tetracycline resistance ribosomal protection protein Tet(M)	NA	NA
ERR7015387	NA	k141_111766	3	605	-	mef(A)	macrolide efflux MFS transporter Mef(A)	core	AMR	AMR	MACROLIDE	AZITHROMYCIN/ERYTHROMYCIN	PARTIAL_CONTIG_ENDX	201	402	50.00	90.05	201	WP_063853705.1	macrolide efflux MFS transporter Mef(A)	NA	NA
ERR7015387	NA	k141_11206	36	848	-	sul2	sulfonamide-resistant dihydropteroate synthase Sul2	core	AMR	AMR	SULFONAMIDE	SULFONAMIDE	EXACTX	271	271	100.00	100.00	271	WP_001043260.1	sulfonamide-resistant dihydropteroate synthase Sul2	NA	NA
ERR7015387	NA	k141_115915	1718	2359	-	qnrB2	quinolone resistance pentapeptide repeat protein QnrB2	core	AMR	AMR	QUINOLONE	QUINOLONE	ALLELEX	214	214	100.00	100.00	214	WP_012695489.1	quinolone resistance pentapeptide repeat protein QnrB2	NA	NA
ERR7015387	NA	k141_117605	1834	2565	-	erm(Y)	23S rRNA (adenine(2058)-N(6))-methyltransferase Erm(Y)	core	AMR	AMR	LINCOSAMIDE/MACROLIDE/STREPTOGRAMIN	AZITHROMYCIN/CLINDAMYCIN/ERYTHROMYCIN/STREPTOGRAMIN B	INTERNAL_STOP	244	244	100.00	93.44	244	WP_063844932.1	23S rRNA (adenine(2058)-N(6))-methyltransferase Erm(Y)	NA	NA
ERR7015387	NA	k141_119165	142	636	+	dfrA12	trimethoprim-resistant dihydrofolate reductase DfrA12	core	AMR	AMR	TRIMETHOPRIM	TRIMETHOPRIM	EXACTX	165	165	100.00	100.00	165	WP_001083725.1	trimethoprim-resistant dihydrofolate reductase DfrA12	NA	NA
ERR7015387	NA	k141_119191	576	1439	+	blaCARB-2	PSE family carbenicillin-hydrolyzing class A beta-lactamase CARB-2	core	AMR	AMR	BETA-LACTAM	BETA-LACTAM	ALLELEX	288	288	100.00	100.00	288	WP_001931474.1	PSE family carbenicillin-hydrolyzing class A beta-lactamase CARB-2	NA	NA
ERR7015387	NA	k141_119433	520	996	-	blaOXA	OXA-46 family oxacillin-hydrolyzing class D beta-lactamase	core	AMR	AMR	BETA-LACTAM	BETA-LACTAM	PARTIAL_CONTIG_ENDX	159	266	59.77	98.11	159	WP_063864090.1	oxacillin-hydrolyzing class D beta-lactamase OXA-46	NA	NA
ERR7015387	NA	k141_122154	2302	2664	-	ble	bleomycin binding protein Ble-MBL	core	AMR	AMR	BLEOMYCIN	BLEOMYCIN	EXACTX	121	121	100.00	100.00	121	WP_004201167.1	bleomycin binding protein Ble-MBL	NA	NA
ERR7015387	NA	k141_122154	2671	3480	-	blaNDM-1	subclass B1 metallo-beta-lactamase NDM-1	core	AMR	AMR	BETA-LACTAM	CARBAPENEM	ALLELEX	270	270	100.00	100.00	270	WP_004201164.1	subclass B1 metallo-beta-lactamase NDM-1	NA	NA
ERR7015387	NA	k141_124330	624	1154	-	ant(2'')-Ia	aminoglycoside nucleotidyltransferase ANT(2'')-Ia	core	AMR	AMR	AMINOGLYCOSIDE	GENTAMICIN/KANAMYCIN/TOBRAMYCIN	BLASTX	177	177	100.00	98.87	177	WP_003159209.1	aminoglycoside nucleotidyltransferase ANT(2'')-Ia	NA	NA
ERR7015387	NA	k141_124671	2384	3619	-	mrx(A)	phosphorylated macrolide efflux MFS transporter Mrx(A)	core	AMR	AMR	MACROLIDE	AZITHROMYCIN/ERYTHROMYCIN/SPIRAMYCIN/TELITHROMYCIN	EXACTX	412	412	100.00	100.00	412	WP_000004159.1	phosphorylated macrolide efflux MFS transporter Mrx(A)	NA	NA
ERR7015387	NA	k141_124671	3619	4521	-	mph(A)	Mph(A) family macrolide 2'-phosphotransferase	core	AMR	AMR	MACROLIDE	AZITHROMYCIN/ERYTHROMYCIN/SPIRAMYCIN/TELITHROMYCIN	EXACTX	301	301	100.00	100.00	301	WP_000219391.1	Mph(A) family macrolide 2'-phosphotransferase	NA	NA
ERR7015387	NA	k141_124698	1419	2072	-	qnrS1	quinolone resistance pentapeptide repeat protein QnrS1	core	AMR	AMR	QUINOLONE	QUINOLONE	ALLELEX	218	218	100.00	100.00	218	WP_001516695.1	quinolone resistance pentapeptide repeat protein QnrS1	NA	NA
ERR7015387	NA	k141_126286	1	693	-	mef(A)	macrolide efflux MFS transporter Mef(A)	core	AMR	AMR	MACROLIDE	AZITHROMYCIN/ERYTHROMYCIN	PARTIAL_CONTIG_ENDX	231	405	57.04	96.10	231	WP_063853602.1	macrolide efflux MFS transporter Mef(A)	NA	NA
ERR7015387	NA	k141_128848	143	376	+	dfrB5	trimethoprim-resistant dihydrofolate reductase DfrB5	core	AMR	AMR	TRIMETHOPRIM	TRIMETHOPRIM	EXACTX	78	78	100.00	100.00	78	WP_063844482.1	trimethoprim-resistant dihydrofolate reductase DfrB5	NA	NA
ERR7015387	NA	k141_13038	7	477	-	dfrA	trimethoprim-resistant dihydrofolate reductase DfrA	core	AMR	AMR	TRIMETHOPRIM	TRIMETHOPRIM	INTERNAL_STOP	157	157	100.00	93.63	157	WP_032490158.1	trimethoprim-resistant dihydrofolate reductase DfrA16	NA	NA
ERR7015387	NA	k141_131092	2	2095	+	tmexD	multidrug efflux RND transporter permease subunit TMexD	core	AMR	AMR	TETRACYCLINE	TIGECYCLINE	PARTIAL_CONTIG_ENDX	698	1044	66.86	100.00	698	WP_034065037.1	multidrug efflux RND transporter permease subunit TMexD3	NA	NA
ERR7015387	NA	k141_131092	2103	3533	+	toprJ1	multidrug efflux transporter outer membrane subunit TOprJ1	core	AMR	AMR	TETRACYCLINE	TIGECYCLINE	ALLELEX	477	477	100.00	100.00	477	WP_003152694.1	multidrug efflux transporter outer membrane subunit TOprJ1	NA	NA
ERR7015387	NA	k141_132184	2	433	-	blaOXA	class D beta-lactamase	core	AMR	AMR	BETA-LACTAM	BETA-LACTAM	PARTIAL_CONTIG_ENDX	144	264	54.55	100.00	144	WP_010672256.1	class D beta-lactamase OXA-1160	NA	NA
ERR7015387	NA	k141_133936	22	336	+	dfrA33	trimethoprim-resistant dihydrofolate reductase DfrA33	core	AMR	AMR	TRIMETHOPRIM	TRIMETHOPRIM	PARTIAL_CONTIG_ENDX	105	165	63.64	100.00	105	WP_063844371.1	trimethoprim-resistant dihydrofolate reductase DfrA33	NA	NA
ERR7015387	NA	k141_138541	71	805	-	erm(B)	23S rRNA (adenine(2058)-N(6))-methyltransferase Erm(B)	core	AMR	AMR	LINCOSAMIDE/MACROLIDE/STREPTOGRAMIN	CLINDAMYCIN/ERYTHROMYCIN/STREPTOGRAMIN B	EXACTX	245	245	100.00	100.00	245	WP_002321849.1	23S rRNA (adenine(2058)-N(6))-methyltransferase Erm(B)	NA	NA
ERR7015387	NA	k141_140261	2	418	+	spw	ANT(9) family aminoglycoside nucleotidyltransferase Spw	core	AMR	AMR	AMINOGLYCOSIDE	AMINOGLYCOSIDE	PARTIAL_CONTIG_ENDX	139	269	51.67	100.00	139	WP_002294509.1	ANT(9) family aminoglycoside nucleotidyltransferase Spw	NA	NA
ERR7015387	NA	k141_141849	66	1982	-	tet(O)	tetracycline resistance ribosomal protection protein Tet(O)	core	AMR	AMR	TETRACYCLINE	TETRACYCLINE	BLASTX	639	639	100.00	99.53	639	WP_012669445.1	tetracycline resistance ribosomal protection protein Tet(O)	NA	NA
ERR7015387	NA	k141_142612	448	1287	+	blaOXA-58	carbapenem-hydrolyzing class D beta-lactamase OXA-58	core	AMR	AMR	BETA-LACTAM	CARBAPENEM	ALLELEX	280	280	100.00	100.00	280	WP_002002480.1	carbapenem-hydrolyzing class D beta-lactamase OXA-58	NA	NA
ERR7015387	NA	k141_142824	155	625	+	dfrA15	trimethoprim-resistant dihydrofolate reductase DfrA15	core	AMR	AMR	TRIMETHOPRIM	TRIMETHOPRIM	EXACTX	157	157	100.00	100.00	157	WP_001355915.1	trimethoprim-resistant dihydrofolate reductase DfrA15	NA	NA
ERR7015387	NA	k141_146063	3267	4484	-	tet(40)	tetracycline efflux MFS transporter Tet(40)	core	AMR	AMR	TETRACYCLINE	TETRACYCLINE	EXACTX	406	406	100.00	100.00	406	WP_015573055.1	tetracycline efflux MFS transporter Tet(40)	NA	NA
ERR7015387	NA	k141_148203	4644	5444	-	lnu(B)	lincosamide nucleotidyltransferase Lnu(B)	core	AMR	AMR	LINCOSAMIDE	LINCOSAMIDE	BLASTX	267	267	100.00	96.63	267	WP_002294514.1	lincosamide nucleotidyltransferase Lnu(B)	NA	NA
ERR7015387	NA	k141_148203	5501	6982	-	lsa(E)	ABC-F type ribosomal protection protein Lsa(E)	core	AMR	AMR	LINCOSAMIDE/STREPTOGRAMIN	LINCOSAMIDE/STREPTOGRAMIN	BLASTX	494	494	100.00	97.77	494	WP_002294513.1	ABC-F type ribosomal protection protein Lsa(E)	NA	NA
ERR7015387	NA	k141_148679	1	1026	+	blaMCA	MCA family class C beta-lactamase	core	AMR	AMR	BETA-LACTAM	BETA-LACTAM	PARTIAL_CONTIG_ENDX	342	390	87.69	99.71	342	WP_057991970.1	MCA family class C beta-lactamase	NA	NA
ERR7015387	NA	k141_149666	1	330	-	catA16	type A-16 chloramphenicol O-acetyltransferase CatQ	core	AMR	AMR	PHENICOL	CHLORAMPHENICOL	PARTIAL_CONTIG_ENDX	110	219	50.23	99.09	110	WP_063843221.1	type A-16 chloramphenicol O-acetyltransferase CatQ	NA	NA
ERR7015387	NA	k141_149875	144	1007	+	aadE	aminoglycoside 6-adenylyltransferase AadE	core	AMR	AMR	AMINOGLYCOSIDE	STREPTOMYCIN	EXACTX	288	288	100.00	100.00	288	WP_001255868.1	aminoglycoside 6-adenylyltransferase AadE	NA	NA
ERR7015387	NA	k141_151228	3	335	-	dfrA44	trimethoprim-resistant dihydrofolate reductase DfrA44	core	AMR	AMR	TRIMETHOPRIM	TRIMETHOPRIM	PARTIAL_CONTIG_ENDX	111	170	65.29	100.00	111	WP_031380727.1	trimethoprim-resistant dihydrofolate reductase DfrA44	NA	NA
ERR7015387	NA	k141_153329	1	489	-	aac(6')-Ib	AAC(6')-Ib family aminoglycoside 6'-N-acetyltransferase	core	AMR	AMR	AMINOGLYCOSIDE	GENTAMICIN	PARTIAL_CONTIG_ENDX	163	184	88.59	100.00	163	WP_003159191.1	aminoglycoside N-acetyltransferase AAC(6')-Ib4	NA	NA
ERR7015387	NA	k141_155106	28	474	-	sul1	sulfonamide-resistant dihydropteroate synthase Sul1	core	AMR	AMR	SULFONAMIDE	SULFONAMIDE	PARTIAL_CONTIG_ENDX	149	279	53.41	100.00	149	WP_000259018.1	sulfonamide-resistant dihydropteroate synthase Sul1	NA	NA
ERR7015387	NA	k141_159339	3740	4597	-	blaSHV	SHV family class A beta-lactamase	core	AMR	AMR	BETA-LACTAM	BETA-LACTAM	BLASTX	286	286	100.00	99.65	286	WP_004176269.1	broad-spectrum class A beta-lactamase SHV-11	NA	NA
ERR7015387	NA	k141_16416	806	1444	+	catA2	type A-2 chloramphenicol O-acetyltransferase CatII	core	AMR	AMR	PHENICOL	CHLORAMPHENICOL	BLASTX	213	213	100.00	99.53	213	WP_001011939.1	type A-2 chloramphenicol O-acetyltransferase CatII	NA	NA
ERR7015387	NA	k141_16436	1	360	+	qnrB	QnrB family quinolone resistance pentapeptide repeat protein	core	AMR	AMR	QUINOLONE	QUINOLONE	PARTIAL_CONTIG_ENDX	120	214	56.07	100.00	120	WP_014386481.1	quinolone resistance pentapeptide repeat protein QnrB1	NA	NA
ERR7015387	NA	k141_164955	46	441	+	fosC2	FosC2 family fosfomycin resistance glutathione transferase	core	AMR	AMR	FOSFOMYCIN	FOSFOMYCIN	EXACTX	132	132	100.00	100.00	132	WP_032492605.1	FosC2 family fosfomycin resistance glutathione transferase	NA	NA
ERR7015387	NA	k141_165854	1401	2360	+	cfxA6	broad-spectrum class A beta-lactamase CfxA6	core	AMR	AMR	BETA-LACTAM	BETA-LACTAM	BLASTX	320	320	100.00	99.69	320	WP_117664257.1	broad-spectrum class A beta-lactamase CfxA6	NA	NA
ERR7015387	NA	k141_166613	129	650	-	aph(3')-VI	APH(3')-VI family aminoglycoside O-phosphotransferase	core	AMR	AMR	AMINOGLYCOSIDE	AMIKACIN/KANAMYCIN	PARTIALX	174	259	67.18	98.85	174	WP_014386410.1	APH(3')-VI family aminoglycoside O-phosphotransferase	NA	NA
ERR7015387	NA	k141_167033	227	1024	-	blaOXA	OXA-10 family class D beta-lactamase	core	AMR	AMR	BETA-LACTAM	BETA-LACTAM	BLASTX	266	266	100.00	98.50	266	WP_014454104.1	OXA-10 family extended-spectrum class D beta-lactamase OXA-256	NA	NA
ERR7015387	NA	k141_169100	2203	2727	+	nimA	5-nitroimidazole reductase NimA	core	AMR	AMR	NITROIMIDAZOLE	NITROIMIDAZOLE	INTERNAL_STOP	175	176	99.43	92.00	175	WP_032488596.1	5-nitroimidazole reductase NimA	NA	NA
ERR7015387	NA	k141_169757	105	500	+	catA16	type A-16 chloramphenicol O-acetyltransferase CatQ	core	AMR	AMR	PHENICOL	CHLORAMPHENICOL	PARTIAL_CONTIG_ENDX	132	219	60.27	97.73	132	WP_063843220.1	type A-16 chloramphenicol O-acetyltransferase CatQ	NA	NA
ERR7015387	NA	k141_170427	234	1688	+	msr(D)	ABC-F type ribosomal protection protein Msr(D)	core	AMR	AMR	MACROLIDE/STREPTOGRAMIN	AZITHROMYCIN/ERYTHROMYCIN/STREPTOGRAMIN B	BLASTX	485	487	99.59	92.37	485	WP_000420313.1	ABC-F type ribosomal protection protein Msr(D)	NA	NA
ERR7015387	NA	k141_177227	4	597	-	aadA1	ANT(3'')-Ia family aminoglycoside nucleotidyltransferase AadA1	core	AMR	AMR	AMINOGLYCOSIDE	STREPTOMYCIN	PARTIAL_CONTIG_ENDX	198	263	75.29	97.47	198	WP_001206316.1	ANT(3'')-Ia family aminoglycoside nucleotidyltransferase AadA1	NA	NA
ERR7015387	NA	k141_179761	5005	6927	-	tet(S)	tetracycline resistance ribosomal protection protein Tet(S)	core	AMR	AMR	TETRACYCLINE	TETRACYCLINE	EXACTX	641	641	100.00	100.00	641	WP_000691722.1	tetracycline resistance ribosomal protection protein Tet(S)	NA	NA
ERR7015387	NA	k141_181586	268	1062	+	blaOXA-181	OXA-48 family carbapenem-hydrolyzing class D beta-lactamase OXA-181	core	AMR	AMR	BETA-LACTAM	CARBAPENEM	ALLELEX	265	265	100.00	100.00	265	WP_015060052.1	OXA-48 family carbapenem-hydrolyzing class D beta-lactamase OXA-181	NA	NA
ERR7015387	NA	k141_183476	422	1678	+	cmlA5	chloramphenicol efflux MFS transporter CmlA5	core	AMR	AMR	PHENICOL	CHLORAMPHENICOL	EXACTX	419	419	100.00	100.00	419	WP_012300772.1	chloramphenicol efflux MFS transporter CmlA5	NA	NA
ERR7015387	NA	k141_183476	1784	2254	+	dfrA5	trimethoprim-resistant dihydrofolate reductase DfrA5	core	AMR	AMR	TRIMETHOPRIM	TRIMETHOPRIM	EXACTX	157	157	100.00	100.00	157	WP_001317507.1	trimethoprim-resistant dihydrofolate reductase DfrA5	NA	NA
ERR7015387	NA	k141_183476	3620	4657	+	ere(A)	EreA family erythromycin esterase	core	AMR	AMR	MACROLIDE	ERYTHROMYCIN	PARTIALX	346	408	84.80	97.40	346	WP_021566672.1	EreA family erythromycin esterase	NA	NA
ERR7015387	NA	k141_1841	3861	5123	+	cmlB1	chloramphenicol efflux MFS transporter CmlB1	core	AMR	AMR	PHENICOL	CHLORAMPHENICOL	EXACTX	421	421	100.00	100.00	421	WP_024160909.1	chloramphenicol efflux MFS transporter CmlB1	NA	NA
ERR7015387	NA	k141_186441	139	1020	+	mph(G)	Mph(G) family macrolide 2'-phosphotransferase	core	AMR	AMR	MACROLIDE	ERYTHROMYCIN	EXACTX	294	294	100.00	100.00	294	WP_014386803.1	Mph(G) family macrolide 2'-phosphotransferase	NA	NA
ERR7015387	NA	k141_190649	167	1027	-	blaGES-2	extended-spectrum class A beta-lactamase GES-2	core	AMR	AMR	BETA-LACTAM	CEPHALOSPORIN	ALLELEX	287	287	100.00	100.00	287	WP_045912044.1	extended-spectrum class A beta-lactamase GES-2	NA	NA
ERR7015387	NA	k141_190983	387	1283	-	blaVEB-1	inhibitor-resistant extended-spectrum class A beta-lactamase VEB-1	core	AMR	AMR	BETA-LACTAM	CEPHALOSPORIN	ALLELEX	299	299	100.00	100.00	299	WP_000706731.1	inhibitor-resistant extended-spectrum class A beta-lactamase VEB-1	NA	NA
ERR7015387	NA	k141_192109	87	662	+	lnu(H)	lincosamide nucleotidyltransferase Lnu(H)	core	AMR	AMR	LINCOSAMIDE	LINCOSAMIDE	PARTIALX	192	260	73.85	95.31	192	WP_051021433.1	lincosamide nucleotidyltransferase Lnu(H)	NA	NA
ERR7015387	NA	k141_194430	148	936	+	aadA1	ANT(3'')-Ia family aminoglycoside nucleotidyltransferase AadA1	core	AMR	AMR	AMINOGLYCOSIDE	STREPTOMYCIN	EXACTX	263	263	100.00	100.00	263	WP_001206316.1	ANT(3'')-Ia family aminoglycoside nucleotidyltransferase AadA1	NA	NA
ERR7015387	NA	k141_195462	3526	4179	+	qnrVC	QnrVC family quinolone resistance pentapeptide repeat protein	core	AMR	AMR	QUINOLONE	QUINOLONE	BLASTX	218	218	100.00	98.62	218	WP_000361704.1	quinolone resistance pentapeptide repeat protein QnrVC4	NA	NA
ERR7015387	NA	k141_195462	4364	4813	+	arr	NAD(+)--rifampin ADP-ribosyltransferase	core	AMR	AMR	RIFAMYCIN	RIFAMYCIN	BLASTX	150	150	100.00	98.67	150	WP_063857695.1	NAD(+)--rifampin ADP-ribosyltransferase Arr-8	NA	NA
ERR7015387	NA	k141_198164	356	922	+	blaNPS	NPS family class D beta-lactamase	core	AMR	AMR	BETA-LACTAM	BETA-LACTAM	PARTIAL_CONTIG_ENDX	189	260	72.69	100.00	189	WP_011013281.1	oxacillin-hydrolyzing class D beta-lactamase NPS-1	NA	NA
ERR7015387	NA	k141_20314	692	1516	+	blaVEB	VEB family extended-spectrum class A beta-lactamase	core	AMR	AMR	BETA-LACTAM	CEPHALOSPORIN	BLASTX	275	299	91.97	92.36	275	WP_032494864.1	inhibitor-resistant extended-spectrum class A beta-lactamase VEB-9	NA	NA
ERR7015387	NA	k141_206886	5442	7358	+	tet(W)	tetracycline resistance ribosomal protection protein Tet(W)	core	AMR	AMR	TETRACYCLINE	TETRACYCLINE	EXACTX	639	639	100.00	100.00	639	WP_002586627.1	tetracycline resistance ribosomal protection protein Tet(W)	NA	NA
ERR7015387	NA	k141_210101	254	1045	+	blaOXA	class D beta-lactamase	core	AMR	AMR	BETA-LACTAM	BETA-LACTAM	BLASTX	264	264	100.00	93.94	264	WP_010672256.1	class D beta-lactamase OXA-1160	NA	NA
ERR7015387	NA	k141_211208	821	1894	+	tmexC	multidrug efflux RND transporter periplasmic adaptor subunit TMexC	core	AMR	AMR	TETRACYCLINE	TIGECYCLINE	BLASTX	358	387	92.51	98.88	358	WP_034039546.1	multidrug efflux RND transporter periplasmic adaptor subunit TMexC3	NA	NA
ERR7015387	NA	k141_21393	1224	2411	-	tet(C)	tetracycline efflux MFS transporter Tet(C)	core	AMR	AMR	TETRACYCLINE	TETRACYCLINE	EXACTX	396	396	100.00	100.00	396	WP_000841446.1	tetracycline efflux MFS transporter Tet(C)	NA	NA
ERR7015387	NA	k141_218658	7349	8149	-	lnu(G)	lincosamide nucleotidyltransferase Lnu(G)	core	AMR	AMR	LINCOSAMIDE	LINCOSAMIDE	EXACTX	267	267	100.00	100.00	267	WP_002333496.1	lincosamide nucleotidyltransferase Lnu(G)	NA	NA
ERR7015387	NA	k141_220435	801	2012	+	floR2	chloramphenicol/florfenicol efflux MFS transporter FloR2	core	AMR	AMR	PHENICOL	CHLORAMPHENICOL/FLORFENICOL	EXACTX	404	404	100.00	100.00	404	WP_000214125.1	chloramphenicol/florfenicol efflux MFS transporter FloR2	NA	NA
ERR7015387	NA	k141_224417	382	1035	-	qnrS2	quinolone resistance pentapeptide repeat protein QnrS2	core	AMR	AMR	QUINOLONE	QUINOLONE	ALLELEX	218	218	100.00	100.00	218	WP_012537714.1	quinolone resistance pentapeptide repeat protein QnrS2	NA	NA
ERR7015387	NA	k141_228064	1	378	-	catA16	type A-16 chloramphenicol O-acetyltransferase CatQ	core	AMR	AMR	PHENICOL	CHLORAMPHENICOL	PARTIAL_CONTIG_ENDX	126	219	57.53	100.00	126	WP_063843221.1	type A-16 chloramphenicol O-acetyltransferase CatQ	NA	NA
ERR7015387	NA	k141_228075	3994	5910	-	tet(M)	tetracycline resistance ribosomal protection protein Tet(M)	core	AMR	AMR	TETRACYCLINE	TETRACYCLINE	BLASTX	639	639	100.00	99.69	639	WP_002414694.1	tetracycline resistance ribosomal protection protein Tet(M)	NA	NA
ERR7015387	NA	k141_228560	2	502	-	ant(6)-Ia	aminoglycoside nucleotidyltransferase ANT(6)-Ia	core	AMR	AMR	AMINOGLYCOSIDE	STREPTOMYCIN	PARTIAL_CONTIG_ENDX	167	302	53.31	93.41	167	WP_001255866.1	aminoglycoside nucleotidyltransferase ANT(6)-Ia	NA	NA
ERR7015387	NA	k141_228851	223	978	-	tet(X3)	tetracycline-inactivating monooxygenase Tet(X3)	core	AMR	AMR	TETRACYCLINE	TIGECYCLINE	PARTIAL_CONTIG_ENDX	252	386	65.28	100.00	252	WP_015060917.1	tetracycline-inactivating monooxygenase Tet(X3)	NA	NA
ERR7015387	NA	k141_230782	1806	2627	+	blaOXA-347	class D beta-lactamase OXA-347	core	AMR	AMR	BETA-LACTAM	BETA-LACTAM	ALLELEX	274	274	100.00	100.00	274	WP_004295324.1	class D beta-lactamase OXA-347	NA	NA
ERR7015387	NA	k141_233683	1366	2097	-	erm(C)	23S rRNA (adenine(2058)-N(6))-methyltransferase Erm(C)	core	AMR	AMR	LINCOSAMIDE/MACROLIDE/STREPTOGRAMIN	CLINDAMYCIN/ERYTHROMYCIN/STREPTOGRAMIN B/TYLOSIN	BLASTX	244	244	100.00	99.18	244	WP_014158490.1	23S rRNA (adenine(2058)-N(6))-methyltransferase Erm(C)	NA	NA
ERR7015387	NA	k141_237294	1	330	-	qacL	quaternary ammonium compound efflux SMR transporter QacL	core	STRESS	BIOCIDE	QUATERNARY AMMONIUM	QUATERNARY AMMONIUM	BLASTX	110	110	100.00	99.09	110	WP_043106116.1	quaternary ammonium compound efflux SMR transporter QacL	NA	NA
ERR7015387	NA	k141_238641	1	420	+	catA16	type A-16 chloramphenicol O-acetyltransferase CatQ	core	AMR	AMR	PHENICOL	CHLORAMPHENICOL	PARTIAL_CONTIG_ENDX	140	219	63.93	95.71	140	WP_063843221.1	type A-16 chloramphenicol O-acetyltransferase CatQ	NA	NA
ERR7015387	NA	k141_238833	410	1066	-	catA1	type A-1 chloramphenicol O-acetyltransferase	core	AMR	AMR	PHENICOL	CHLORAMPHENICOL	EXACTX	219	219	100.00	100.00	219	WP_000412211.1	type A-1 chloramphenicol O-acetyltransferase	NA	NA
ERR7015387	NA	k141_239063	111	455	+	qacEdelta1	quaternary ammonium compound efflux SMR transporter QacE delta 1	core	STRESS	BIOCIDE	QUATERNARY AMMONIUM	QUATERNARY AMMONIUM	ALLELEX	115	115	100.00	100.00	115	WP_000679427.1	quaternary ammonium compound efflux SMR transporter QacE delta 1	NA	NA
ERR7015387	NA	k141_239063	452	979	+	sul1	sulfonamide-resistant dihydropteroate synthase Sul1	core	AMR	AMR	SULFONAMIDE	SULFONAMIDE	PARTIAL_CONTIG_ENDX	176	279	63.08	100.00	176	WP_000259031.1	sulfonamide-resistant dihydropteroate synthase Sul1	NA	NA
ERR7015387	NA	k141_242225	458	1669	-	floR	chloramphenicol/florfenicol efflux MFS transporter FloR	core	AMR	AMR	PHENICOL	CHLORAMPHENICOL/FLORFENICOL	EXACTX	404	404	100.00	100.00	404	WP_000214119.1	chloramphenicol/florfenicol efflux MFS transporter FloR	NA	NA
ERR7015387	NA	k141_243031	19	570	-	aac(6')-IIa	aminoglycoside N-acetyltransferase AAC(6')-IIa	core	AMR	AMR	AMINOGLYCOSIDE	GENTAMICIN/KANAMYCIN/TOBRAMYCIN	EXACTX	184	184	100.00	100.00	184	WP_023622803.1	aminoglycoside N-acetyltransferase AAC(6')-IIa	NA	NA
ERR7015387	NA	k141_247052	1	777	+	aac(3)-IIe	aminoglycoside N-acetyltransferase AAC(3)-IIe	core	AMR	AMR	AMINOGLYCOSIDE	GENTAMICIN	BLASTX	259	286	90.56	100.00	259	WP_000557452.1	aminoglycoside N-acetyltransferase AAC(3)-IIe	NA	NA
ERR7015387	NA	k141_248087	170	970	+	aph(3'')-Ib	aminoglycoside O-phosphotransferase APH(3'')-Ib	core	AMR	AMR	AMINOGLYCOSIDE	STREPTOMYCIN	EXACTX	267	267	100.00	100.00	267	WP_001082319.1	aminoglycoside O-phosphotransferase APH(3'')-Ib	NA	NA
ERR7015387	NA	k141_248087	973	1806	+	aph(6)-Id	aminoglycoside O-phosphotransferase APH(6)-Id	core	AMR	AMR	AMINOGLYCOSIDE	STREPTOMYCIN	EXACTX	278	278	100.00	100.00	278	WP_000480968.1	aminoglycoside O-phosphotransferase APH(6)-Id	NA	NA
ERR7015387	NA	k141_248302	394	1866	+	msr(E)	ABC-F type ribosomal protection protein Msr(E)	core	AMR	AMR	MACROLIDE/STREPTOGRAMIN	AZITHROMYCIN/ERYTHROMYCIN/STREPTOGRAMIN	EXACTX	491	491	100.00	100.00	491	WP_000052512.1	ABC-F type ribosomal protection protein Msr(E)	NA	NA
ERR7015387	NA	k141_248302	1925	2806	+	mph(E)	Mph(E) family macrolide 2'-phosphotransferase	core	AMR	AMR	MACROLIDE	ERYTHROMYCIN	EXACTX	294	294	100.00	100.00	294	WP_000155092.1	Mph(E) family macrolide 2'-phosphotransferase	NA	NA
ERR7015387	NA	k141_248302	3839	5023	-	tet(39)	tetracycline efflux MFS transporter Tet(39)	core	AMR	AMR	TETRACYCLINE	TETRACYCLINE	EXACTX	395	395	100.00	100.00	395	WP_004856455.1	tetracycline efflux MFS transporter Tet(39)	NA	NA
ERR7015387	NA	k141_249236	208	1056	+	blaRSA1	RSA1 family class A beta-lactamase	core	AMR	AMR	BETA-LACTAM	CEPHALOSPORIN	EXACTX	283	283	100.00	100.00	283	WP_216944871.1	RSA1 family class A beta-lactamase	NA	NA
ERR7015387	NA	k141_249738	4612	6048	+	aac(6')-Ie/aph(2'')-Ia	bifunctional aminoglycoside N-acetyltransferase AAC(6')-Ie/aminoglycoside O-phosphotransferase APH(2'')-Ia	core	AMR	AMR	AMINOGLYCOSIDE	AMIKACIN/GENTAMICIN/KANAMYCIN/TOBRAMYCIN	EXACTX	479	479	100.00	100.00	479	WP_001028144.1	bifunctional aminoglycoside N-acetyltransferase AAC(6')-Ie/aminoglycoside O-phosphotransferase APH(2'')-Ia	NA	NA
ERR7015387	NA	k141_249865	2	448	+	blaOXA	OXA-46 family oxacillin-hydrolyzing class D beta-lactamase	core	AMR	AMR	BETA-LACTAM	BETA-LACTAM	PARTIAL_CONTIG_ENDX	149	266	56.02	99.33	149	WP_063861588.1	OXA-46 family oxacillin-hydrolyzing class D beta-lactamase OXA-205	NA	NA
ERR7015387	NA	k141_251845	722	2632	-	tet(36)	tetracycline resistance ribosomal protection protein Tet(36)	core	AMR	AMR	TETRACYCLINE	TETRACYCLINE	BLASTX	637	640	99.53	93.09	637	WP_006744283.1	tetracycline resistance ribosomal protection protein Tet(36)	NA	NA
ERR7015387	NA	k141_252211	122	571	-	arr-3	NAD(+)--rifampin ADP-ribosyltransferase Arr-3	core	AMR	AMR	RIFAMYCIN	RIFAMYCIN	EXACTX	150	150	100.00	100.00	150	WP_001749986.1	NAD(+)--rifampin ADP-ribosyltransferase Arr-3	NA	NA
ERR7015387	NA	k141_252312	996	1415	-	catA16	type A-16 chloramphenicol O-acetyltransferase CatQ	core	AMR	AMR	PHENICOL	CHLORAMPHENICOL	PARTIAL_CONTIG_ENDX	140	219	63.93	97.86	140	WP_063843221.1	type A-16 chloramphenicol O-acetyltransferase CatQ	NA	NA
ERR7015387	NA	k141_252885	1419	2555	-	blaDHA-1	extended-spectrum class C beta-lactamase DHA-1	core	AMR	AMR	BETA-LACTAM	CEPHALOSPORIN	ALLELEX	379	379	100.00	100.00	379	WP_004236386.1	extended-spectrum class C beta-lactamase DHA-1	NA	NA
ERR7015387	NA	k141_25406	856	1749	-	blaCARB-16	RTG family carbenicillin-hydrolyzing class A beta-lactamase CARB-16	core	AMR	AMR	BETA-LACTAM	BETA-LACTAM	ALLELEX	298	298	100.00	100.00	298	WP_015589625.1	RTG family carbenicillin-hydrolyzing class A beta-lactamase CARB-16	NA	NA
ERR7015387	NA	k141_254797	1	1467	-	tet(Q)	tetracycline resistance ribosomal protection protein Tet(Q)	core	AMR	AMR	TETRACYCLINE	TETRACYCLINE	PARTIAL_CONTIG_ENDX	489	641	76.29	98.16	489	WP_002560998.1	tetracycline resistance ribosomal protection protein Tet(Q)	NA	NA
ERR7015387	NA	k141_258621	338	1165	+	blaOXA-1	oxacillin-hydrolyzing class D beta-lactamase OXA-1	core	AMR	AMR	BETA-LACTAM	CEPHALOSPORIN	ALLELEX	276	276	100.00	100.00	276	WP_001334766.1	oxacillin-hydrolyzing class D beta-lactamase OXA-1	NA	NA
ERR7015387	NA	k141_258621	1306	1935	+	catB3	type B-3 chloramphenicol O-acetyltransferase CatB3	core	AMR	AMR	PHENICOL	CHLORAMPHENICOL	EXACTX	210	210	100.00	100.00	210	WP_000186237.1	type B-3 chloramphenicol O-acetyltransferase CatB3	NA	NA
ERR7015387	NA	k141_265198	17	736	-	tet(33)	tetracycline efflux MFS transporter Tet(33)	core	AMR	AMR	TETRACYCLINE	TETRACYCLINE	PARTIAL_CONTIG_ENDX	240	407	58.97	97.92	240	WP_010991840.1	tetracycline efflux MFS transporter Tet(33)	NA	NA
ERR7015387	NA	k141_265515	1	777	+	aac(3)-IId	aminoglycoside N-acetyltransferase AAC(3)-IId	core	AMR	AMR	AMINOGLYCOSIDE	GENTAMICIN	BLASTX	259	286	90.56	100.00	259	WP_000557454.1	aminoglycoside N-acetyltransferase AAC(3)-IId	NA	NA
ERR7015387	NA	k141_265742	17	877	-	aadS	aminoglycoside 6-adenylyltransferase AadS	core	AMR	AMR	AMINOGLYCOSIDE	STREPTOMYCIN	EXACTX	287	287	100.00	100.00	287	WP_003013318.1	aminoglycoside 6-adenylyltransferase AadS	NA	NA
ERR7015387	NA	k141_267593	1137	1622	+	erm(G)	23S rRNA (adenine(2058)-N(6))-methyltransferase Erm(G)	core	AMR	AMR	LINCOSAMIDE/MACROLIDE/STREPTOGRAMIN	ERYTHROMYCIN/LINCOSAMIDE/STREPTOGRAMIN/TYLOSIN	PARTIALX	162	244	68.85	92.86	168	WP_014387027.1	23S rRNA (adenine(2058)-N(6))-methyltransferase Erm(G)	NA	NA
ERR7015387	NA	k141_268663	329	658	-	qacG2	quaternary ammonium compound efflux SMR transporter QacG2	core	STRESS	BIOCIDE	QUATERNARY AMMONIUM	QUATERNARY AMMONIUM	BLASTX	110	110	100.00	99.09	110	WP_003830719.1	quaternary ammonium compound efflux SMR transporter QacG2	NA	NA
ERR7015387	NA	k141_271598	44	577	-	ant(6)-Ia	aminoglycoside nucleotidyltransferase ANT(6)-Ia	core	AMR	AMR	AMINOGLYCOSIDE	STREPTOMYCIN	PARTIAL_CONTIG_ENDX	178	287	62.02	92.70	178	WP_002294505.1	aminoglycoside nucleotidyltransferase ANT(6)-Ia	NA	NA
ERR7015387	NA	k141_275003	332	1144	+	aph(3')-Ib	aminoglycoside O-phosphotransferase APH(3')-Ib	core	AMR	AMR	AMINOGLYCOSIDE	KANAMYCIN	EXACTX	271	271	100.00	100.00	271	WP_011205810.1	aminoglycoside O-phosphotransferase APH(3')-Ib	NA	NA
ERR7015387	NA	k141_28410	13928	14344	+	fosA	FosA5 family fosfomycin resistance glutathione transferase	core	AMR	AMR	FOSFOMYCIN	FOSFOMYCIN	BLASTX	139	139	100.00	99.28	139	WP_004146118.1	FosA5 family fosfomycin resistance glutathione transferase	NA	NA
ERR7015387	NA	k141_30515	3160	4332	-	tet(G)	tetracycline efflux MFS transporter Tet(G)	core	AMR	AMR	TETRACYCLINE	TETRACYCLINE	EXACTX	391	391	100.00	100.00	391	WP_001257840.1	tetracycline efflux MFS transporter Tet(G)	NA	NA
ERR7015387	NA	k141_31316	63	902	-	bla	class A beta-lactamase	core	AMR	AMR	BETA-LACTAM	BETA-LACTAM	BLASTX	280	293	95.56	100.00	280	WP_011270171.1	class A beta-lactamase	NA	NA
ERR7015387	NA	k141_31560	634	2007	+	tet(L)	tetracycline efflux MFS transporter Tet(L)	core	AMR	AMR	TETRACYCLINE	TETRACYCLINE	EXACTX	458	458	100.00	100.00	458	WP_001574277.1	tetracycline efflux MFS transporter Tet(L)	NA	NA
ERR7015387	NA	k141_31560	2293	2781	+	dfrK	trimethoprim-resistant dihydrofolate reductase DfrK	core	AMR	AMR	TRIMETHOPRIM	TRIMETHOPRIM	EXACTX	163	163	100.00	100.00	163	WP_012779617.1	trimethoprim-resistant dihydrofolate reductase DfrK	NA	NA
ERR7015387	NA	k141_31583	359	979	-	catP	type A-11 chloramphenicol O-acetyltransferase CatP	core	AMR	AMR	PHENICOL	CHLORAMPHENICOL	EXACTX	207	207	100.00	100.00	207	WP_002570989.1	type A-11 chloramphenicol O-acetyltransferase CatP	NA	NA
ERR7015387	NA	k141_32536	1	453	-	erm(51)	23S rRNA (adenine(2058)-N(6))-methyltransferase Erm(51)	core	AMR	AMR	LINCOSAMIDE/MACROLIDE/STREPTOGRAMIN	AZITHROMYCIN/CLARITHROMYCIN/CLINDAMYCIN/ERYTHROMYCIN/VIRGINIAMYCIN	PARTIAL_CONTIG_ENDX	151	263	57.41	99.34	151	WP_131386768.1	23S rRNA (adenine(2058)-N(6))-methyltransferase Erm(51)	NA	NA
ERR7015387	NA	k141_35383	1628	2830	-	tet(B)	tetracycline efflux MFS transporter Tet(B)	core	AMR	AMR	TETRACYCLINE	TETRACYCLINE	EXACTX	401	401	100.00	100.00	401	WP_001089068.1	tetracycline efflux MFS transporter Tet(B)	NA	NA
ERR7015387	NA	k141_35571	1785	2966	-	tet(D)	tetracycline efflux MFS transporter Tet(D)	core	AMR	AMR	TETRACYCLINE	TETRACYCLINE	EXACTX	394	394	100.00	100.00	394	WP_001039466.1	tetracycline efflux MFS transporter Tet(D)	NA	NA
ERR7015387	NA	k141_35604	273	1145	+	blaCTX-M-15	extended-spectrum class A beta-lactamase CTX-M-15	core	AMR	AMR	BETA-LACTAM	CEPHALOSPORIN	ALLELEX	291	291	100.00	100.00	291	WP_000239590.1	extended-spectrum class A beta-lactamase CTX-M-15	NA	NA
ERR7015387	NA	k141_36128	3	437	+	aadA7	ANT(3'')-Ia family aminoglycoside nucleotidyltransferase AadA7	core	AMR	AMR	AMINOGLYCOSIDE	STREPTOMYCIN	PARTIAL_CONTIG_ENDX	145	265	54.72	100.00	145	WP_001436322.1	ANT(3'')-Ia family aminoglycoside nucleotidyltransferase AadA7	NA	NA
ERR7015387	NA	k141_37713	8525	9487	-	cfxA	CfxA family broad-spectrum class A beta-lactamase	core	AMR	AMR	BETA-LACTAM	BETA-LACTAM	EXACTX	321	321	100.00	100.00	321	WP_004339683.1	CfxA family broad-spectrum class A beta-lactamase	NA	NA
ERR7015387	NA	k141_38598	462	1082	-	catA13	type A-13 chloramphenicol O-acetyltransferase	core	AMR	AMR	PHENICOL	CHLORAMPHENICOL	BLASTX	207	207	100.00	98.07	207	WP_040564913.1	type A-13 chloramphenicol O-acetyltransferase	NA	NA
ERR7015387	NA	k141_39592	308	1039	-	erm(T)	23S rRNA (adenine(2058)-N(6))-methyltransferase Erm(T)	core	AMR	AMR	LINCOSAMIDE/MACROLIDE/STREPTOGRAMIN	ERYTHROMYCIN/LINCOSAMIDE/STREPTOGRAMIN/TYLOSIN	EXACTX	244	244	100.00	100.00	244	WP_002345002.1	23S rRNA (adenine(2058)-N(6))-methyltransferase Erm(T)	NA	NA
ERR7015387	NA	k141_4053	738	1172	-	dfrA1	trimethoprim-resistant dihydrofolate reductase DfrA1	core	AMR	AMR	TRIMETHOPRIM	TRIMETHOPRIM	BLASTX	145	157	92.36	100.00	145	WP_000777554.1	trimethoprim-resistant dihydrofolate reductase DfrA1	NA	NA
ERR7015387	NA	k141_44661	11	829	-	blaOXA-23	OXA-23 family carbapenem-hydrolyzing class D beta-lactamase OXA-23	core	AMR	AMR	BETA-LACTAM	CARBAPENEM	ALLELEX	273	273	100.00	100.00	273	WP_001046004.1	OXA-23 family carbapenem-hydrolyzing class D beta-lactamase OXA-23	NA	NA
ERR7015387	NA	k141_48485	711	1220	-	nimE	5-nitroimidazole reductase NimE	core	AMR	AMR	NITROIMIDAZOLE	NITROIMIDAZOLE	EXACTX	170	170	100.00	100.00	170	WP_005812773.1	5-nitroimidazole reductase NimE	NA	NA
ERR7015387	NA	k141_51141	157	981	+	blaOXA	OXA-2 family class D beta-lactamase	core	AMR	AMR	BETA-LACTAM	BETA-LACTAM	BLASTX	275	275	100.00	99.64	275	WP_014386432.1	OXA-2 family oxacillin-hydrolyzing class D beta-lactamase OXA-21	NA	NA
ERR7015387	NA	k141_523	6343	6837	-	dfrG	trimethoprim-resistant dihydrofolate reductase DfrG	core	AMR	AMR	TRIMETHOPRIM	TRIMETHOPRIM	EXACTX	165	165	100.00	100.00	165	WP_000868795.1	trimethoprim-resistant dihydrofolate reductase DfrG	NA	NA
ERR7015387	NA	k141_53126	1	636	-	mef(C)	macrolide efflux MFS transporter Mef(C)	core	AMR	AMR	MACROLIDE	ERYTHROMYCIN	PARTIAL_CONTIG_ENDX	212	407	52.09	97.17	212	WP_014386804.1	macrolide efflux MFS transporter Mef(C)	NA	NA
ERR7015387	NA	k141_55164	223	1035	+	aph(3')-Ia	aminoglycoside O-phosphotransferase APH(3')-Ia	core	AMR	AMR	AMINOGLYCOSIDE	KANAMYCIN	EXACTX	271	271	100.00	100.00	271	WP_000018329.1	aminoglycoside O-phosphotransferase APH(3')-Ia	NA	NA
ERR7015387	NA	k141_55941	95	892	+	blaOXA	OXA-10 family class D beta-lactamase	core	AMR	AMR	BETA-LACTAM	BETA-LACTAM	BLASTX	266	266	100.00	99.25	266	WP_140423320.1	OXA-10 family class D beta-lactamase OXA-827	NA	NA
ERR7015387	NA	k141_56993	155	625	+	dfrA17	trimethoprim-resistant dihydrofolate reductase DfrA17	core	AMR	AMR	TRIMETHOPRIM	TRIMETHOPRIM	EXACTX	157	157	100.00	100.00	157	WP_001389366.1	trimethoprim-resistant dihydrofolate reductase DfrA17	NA	NA
ERR7015387	NA	k141_56993	759	1544	+	aadA5	ANT(3'')-Ia family aminoglycoside nucleotidyltransferase AadA5	core	AMR	AMR	AMINOGLYCOSIDE	STREPTOMYCIN	EXACTX	262	262	100.00	100.00	262	WP_000503573.1	ANT(3'')-Ia family aminoglycoside nucleotidyltransferase AadA5	NA	NA
ERR7015387	NA	k141_58176	18	539	-	sat2	streptothricin N-acetyltransferase Sat2	core	AMR	AMR	STREPTOTHRICIN	STREPTOTHRICIN	EXACTX	174	174	100.00	100.00	174	WP_000704156.1	streptothricin N-acetyltransferase Sat2	NA	NA
ERR7015387	NA	k141_62105	153	1118	+	blaMOX	CMY-1/MOX family class C beta-lactamase	core	AMR	AMR	BETA-LACTAM	CEPHALOSPORIN	PARTIALX	322	383	84.07	97.83	322	WP_128343957.1	CMY-1/MOX family class C beta-lactamase MOX-25	NA	NA
ERR7015387	NA	k141_6280	149	991	-	aadA16	ANT(3'')-Ia family aminoglycoside nucleotidyltransferase AadA16	core	AMR	AMR	AMINOGLYCOSIDE	STREPTOMYCIN	EXACTX	281	281	100.00	100.00	281	WP_001749984.1	ANT(3'')-Ia family aminoglycoside nucleotidyltransferase AadA16	NA	NA
ERR7015387	NA	k141_6282	196	975	-	aadA2	ANT(3'')-Ia family aminoglycoside nucleotidyltransferase AadA2	core	AMR	AMR	AMINOGLYCOSIDE	STREPTOMYCIN	BLASTX	260	263	98.86	100.00	260	WP_001206356.1	ANT(3'')-Ia family aminoglycoside nucleotidyltransferase AadA2	NA	NA
ERR7015387	NA	k141_63598	151	1008	-	blaTEM-1	broad-spectrum class A beta-lactamase TEM-1	core	AMR	AMR	BETA-LACTAM	BETA-LACTAM	ALLELEX	286	286	100.00	100.00	286	WP_000027057.1	broad-spectrum class A beta-lactamase TEM-1	NA	NA
ERR7015387	NA	k141_7432	31	1245	-	mef(A)	macrolide efflux MFS transporter Mef(A)	core	AMR	AMR	MACROLIDE	AZITHROMYCIN/ERYTHROMYCIN	BLASTX	405	405	100.00	96.54	405	WP_024127829.1	macrolide efflux MFS transporter Mef(A)	NA	NA
ERR7015387	NA	k141_74629	224	952	+	erm(A)	23S rRNA (adenine(2058)-N(6))-methyltransferase Erm(A)	core	AMR	AMR	LINCOSAMIDE/MACROLIDE	AZITHROMYCIN/CLARITHROMYCIN/CLINDAMYCIN/ERYTHROMYCIN/TELITHROMYCIN	BLASTX	243	243	100.00	90.53	243	WP_000810833.1	23S rRNA (adenine(2058)-N(6))-methyltransferase Erm(A)	NA	NA
ERR7015387	NA	k141_75676	565	1056	+	dfrF	trimethoprim-resistant dihydrofolate reductase DfrF	core	AMR	AMR	TRIMETHOPRIM	TRIMETHOPRIM	EXACTX	164	164	100.00	100.00	164	WP_002322211.1	trimethoprim-resistant dihydrofolate reductase DfrF	NA	NA
ERR7015387	NA	k141_75896	154	624	+	dfrA14	trimethoprim-resistant dihydrofolate reductase DfrA14	core	AMR	AMR	TRIMETHOPRIM	TRIMETHOPRIM	EXACTX	157	157	100.00	100.00	157	WP_004201280.1	trimethoprim-resistant dihydrofolate reductase DfrA14	NA	NA
ERR7015387	NA	k141_7597	1639	2835	+	tet(A)	tetracycline efflux MFS transporter Tet(A)	core	AMR	AMR	TETRACYCLINE	TETRACYCLINE	EXACTX	399	399	100.00	100.00	399	WP_000804064.1	tetracycline efflux MFS transporter Tet(A)	NA	NA
ERR7015387	NA	k141_76527	2	529	+	sat4	streptothricin N-acetyltransferase Sat4	core	AMR	AMR	STREPTOTHRICIN	STREPTOTHRICIN	BLASTX	176	180	97.78	100.00	176	WP_000627290.1	streptothricin N-acetyltransferase Sat4	NA	NA
ERR7015387	NA	k141_76527	625	1167	+	aph(3')-IIIa	aminoglycoside O-phosphotransferase APH(3')-IIIa	core	AMR	AMR	AMINOGLYCOSIDE	AMIKACIN/KANAMYCIN	PARTIAL_CONTIG_ENDX	181	264	68.56	100.00	181	WP_001096887.1	aminoglycoside O-phosphotransferase APH(3')-IIIa	NA	NA
ERR7015387	NA	k141_78185	2	367	+	dfrA19	trimethoprim-resistant dihydrofolate reductase DfrA19	core	AMR	AMR	TRIMETHOPRIM	TRIMETHOPRIM	PARTIAL_CONTIG_ENDX	122	189	64.55	100.00	122	WP_000019304.1	trimethoprim-resistant dihydrofolate reductase DfrA19	NA	NA
ERR7015387	NA	k141_80883	1100	1960	+	ant(6)-Ia	aminoglycoside nucleotidyltransferase ANT(6)-Ia	core	AMR	AMR	AMINOGLYCOSIDE	STREPTOMYCIN	EXACTX	287	287	100.00	100.00	287	WP_002294505.1	aminoglycoside nucleotidyltransferase ANT(6)-Ia	NA	NA
ERR7015387	NA	k141_85158	1374	2171	-	erm(F)	23S rRNA (adenine(2058)-N(6))-methyltransferase Erm(F)	core	AMR	AMR	LINCOSAMIDE/MACROLIDE/STREPTOGRAMIN	CLINDAMYCIN/MACROLIDE/STREPTOGRAMIN	EXACTX	266	266	100.00	100.00	266	WP_002682030.1	23S rRNA (adenine(2058)-N(6))-methyltransferase Erm(F)	NA	NA
ERR7015387	NA	k141_87085	7818	8465	-	catA	type A-9 chloramphenicol O-acetyltransferase	core	AMR	AMR	PHENICOL	CHLORAMPHENICOL	BLASTX	216	216	100.00	99.54	216	WP_039139170.1	type A-9 chloramphenicol O-acetyltransferase	NA	NA
ERR7015387	NA	k141_89548	735	1949	-	mef(A)	macrolide efflux MFS transporter Mef(A)	core	AMR	AMR	MACROLIDE	AZITHROMYCIN/ERYTHROMYCIN	BLASTX	405	405	100.00	97.28	405	WP_058621816.1	macrolide efflux MFS transporter Mef(A)	NA	NA
ERR7015387	NA	k141_917	195	410	-	qacL	quaternary ammonium compound efflux SMR transporter QacL	core	STRESS	BIOCIDE	QUATERNARY AMMONIUM	QUATERNARY AMMONIUM	PARTIALX	72	110	65.45	100.00	72	WP_015059047.1	quaternary ammonium compound efflux SMR transporter QacL	NA	NA
ERR7015387	NA	k141_92111	433	1596	-	tet(X2)	tetracycline-inactivating monooxygenase Tet(X2)	core	AMR	AMR	TETRACYCLINE	TIGECYCLINE	EXACTX	388	388	100.00	100.00	388	WP_008651082.1	tetracycline-inactivating monooxygenase Tet(X2)	NA	NA
ERR7015387	NA	k141_92601	1588	3504	-	tet(32)	tetracycline resistance ribosomal protection protein Tet(32)	core	AMR	AMR	TETRACYCLINE	TETRACYCLINE	BLASTX	639	639	100.00	99.84	639	WP_002602099.1	tetracycline resistance ribosomal protection protein Tet(32)	NA	NA
ERR7015387	NA	k141_94978	304	1128	-	mef(B)	macrolide efflux MFS transporter Mef(B)	core	AMR	AMR	MACROLIDE	AZITHROMYCIN/ERYTHROMYCIN	PARTIAL_CONTIG_ENDX	275	409	67.24	96.00	275	WP_032492336.1	macrolide efflux MFS transporter Mef(B)	NA	NA
ERR7015387	NA	k141_9782	13311	16460	-	oqxB	multidrug efflux RND transporter permease subunit OqxB	core	AMR	AMR	NITROFURAN/PHENICOL/QUINOLONE/TETRACYCLINE	NITROFURANTOIN/PHENICOL/QUINOLONE/TIGECYCLINE	BLASTX	1050	1050	100.00	99.90	1050	WP_000347934.1	multidrug efflux RND transporter permease subunit OqxB	NA	NA
ERR7015387	NA	k141_9782	16487	17659	-	oqxA	multidrug efflux RND transporter periplasmic adaptor subunit OqxA	core	AMR	AMR	NITROFURAN/PHENICOL/QUINOLONE/TETRACYCLINE	NITROFURANTOIN/PHENICOL/QUINOLONE/TIGECYCLINE	EXACTX	391	391	100.00	100.00	391	WP_002914189.1	multidrug efflux RND transporter periplasmic adaptor subunit OqxA	NA	NA
ERR7015387	NA	k141_98977	1	405	-	blaOXA	OXA-46 family oxacillin-hydrolyzing class D beta-lactamase	core	AMR	AMR	BETA-LACTAM	BETA-LACTAM	PARTIAL_CONTIG_ENDX	135	266	50.75	100.00	135	WP_063864090.1	oxacillin-hydrolyzing class D beta-lactamase OXA-46	NA	NA
ERR7015387	NA	k141_98977	478	1272	-	aadA13	ANT(3'')-Ia family aminoglycoside nucleotidyltransferase AadA13	core	AMR	AMR	AMINOGLYCOSIDE	STREPTOMYCIN	EXACTX	265	265	100.00	100.00	265	WP_001424636.1	ANT(3'')-Ia family aminoglycoside nucleotidyltransferase AadA13	NA	NA
ERR7015387	NA	k141_99547	115	585	+	dfrA27	trimethoprim-resistant dihydrofolate reductase DfrA27	core	AMR	AMR	TRIMETHOPRIM	TRIMETHOPRIM	EXACTX	157	157	100.00	100.00	157	WP_001749985.1	trimethoprim-resistant dihydrofolate reductase DfrA27	NA	NA
ERR7015396	NA	k141_102994	1	1365	-	aac(6')-Ie/aph(2'')-Ia	bifunctional aminoglycoside N-acetyltransferase AAC(6')-Ie/aminoglycoside O-phosphotransferase APH(2'')-Ia	core	AMR	AMR	AMINOGLYCOSIDE	AMIKACIN/GENTAMICIN/KANAMYCIN/TOBRAMYCIN	BLASTX	455	479	94.99	100.00	455	WP_001028144.1	bifunctional aminoglycoside N-acetyltransferase AAC(6')-Ie/aminoglycoside O-phosphotransferase APH(2'')-Ia	NA	NA
ERR7015396	NA	k141_103725	206	535	-	qacL	quaternary ammonium compound efflux SMR transporter QacL	core	STRESS	BIOCIDE	QUATERNARY AMMONIUM	QUATERNARY AMMONIUM	EXACTX	110	110	100.00	100.00	110	WP_015059047.1	quaternary ammonium compound efflux SMR transporter QacL	NA	NA
ERR7015396	NA	k141_105401	2	1198	-	mef(C)	macrolide efflux MFS transporter Mef(C)	core	AMR	AMR	MACROLIDE	ERYTHROMYCIN	BLASTX	399	407	98.03	93.73	399	WP_014386804.1	macrolide efflux MFS transporter Mef(C)	NA	NA
ERR7015396	NA	k141_107744	20	328	+	fosA	FosA/FosA2 family fosfomycin resistance glutathione transferase	core	AMR	AMR	FOSFOMYCIN	FOSFOMYCIN	PARTIALX	103	141	73.05	95.15	103	WP_025205684.1	fosfomycin resistance glutathione transferase FosA2	NA	NA
ERR7015396	NA	k141_108689	137	976	+	blaOXA-58	carbapenem-hydrolyzing class D beta-lactamase OXA-58	core	AMR	AMR	BETA-LACTAM	CARBAPENEM	ALLELEX	280	280	100.00	100.00	280	WP_002002480.1	carbapenem-hydrolyzing class D beta-lactamase OXA-58	NA	NA
ERR7015396	NA	k141_11119	347	1510	-	tet(X2)	tetracycline-inactivating monooxygenase Tet(X2)	core	AMR	AMR	TETRACYCLINE	TIGECYCLINE	EXACTX	388	388	100.00	100.00	388	WP_008651082.1	tetracycline-inactivating monooxygenase Tet(X2)	NA	NA
ERR7015396	NA	k141_111986	29	559	-	ant(2'')-Ia	aminoglycoside nucleotidyltransferase ANT(2'')-Ia	core	AMR	AMR	AMINOGLYCOSIDE	GENTAMICIN/KANAMYCIN/TOBRAMYCIN	EXACTX	177	177	100.00	100.00	177	WP_000381802.1	aminoglycoside nucleotidyltransferase ANT(2'')-Ia	NA	NA
ERR7015396	NA	k141_111986	633	1457	-	blaOXA-2	oxacillin-hydrolyzing class D beta-lactamase OXA-2	core	AMR	AMR	BETA-LACTAM	BETA-LACTAM	ALLELEX	275	275	100.00	100.00	275	WP_001007673.1	oxacillin-hydrolyzing class D beta-lactamase OXA-2	NA	NA
ERR7015396	NA	k141_111986	1595	2455	-	blaGES-5	carbapenem-hydrolyzing class A beta-lactamase GES-5	core	AMR	AMR	BETA-LACTAM	CARBAPENEM	ALLELEX	287	287	100.00	100.00	287	WP_012658785.1	carbapenem-hydrolyzing class A beta-lactamase GES-5	NA	NA
ERR7015396	NA	k141_114617	1793	2755	+	cfxA4	extended-spectrum class A beta-lactamase CfxA4	core	AMR	AMR	BETA-LACTAM	CEPHALOSPORIN	BLASTX	321	321	100.00	99.69	321	WP_057280848.1	extended-spectrum class A beta-lactamase CfxA4	NA	NA
ERR7015396	NA	k141_118116	3229	4416	+	tet(C)	tetracycline efflux MFS transporter Tet(C)	core	AMR	AMR	TETRACYCLINE	TETRACYCLINE	EXACTX	396	396	100.00	100.00	396	WP_000841446.1	tetracycline efflux MFS transporter Tet(C)	NA	NA
ERR7015396	NA	k141_12042	394	723	+	qacF	quaternary ammonium compound efflux SMR transporter QacF	core	STRESS	BIOCIDE	QUATERNARY AMMONIUM	QUATERNARY AMMONIUM	EXACTX	110	110	100.00	100.00	110	WP_015243636.1	quaternary ammonium compound efflux SMR transporter QacF	NA	NA
ERR7015396	NA	k141_122227	54	428	+	vanX-B	D-Ala-D-Ala dipeptidase VanX-B	core	AMR	AMR	GLYCOPEPTIDE	VANCOMYCIN	PARTIAL_CONTIG_ENDX	125	202	61.88	100.00	125	WP_012579102.1	D-Ala-D-Ala dipeptidase VanX-B	NA	NA
ERR7015396	NA	k141_124109	2883	3872	-	cmx	chloramphenicol efflux MFS transporter Cmx	core	AMR	AMR	PHENICOL	CHLORAMPHENICOL	PARTIAL_CONTIG_ENDX	330	391	84.40	98.79	330	WP_005297378.1	chloramphenicol efflux MFS transporter Cmx	NA	NA
ERR7015396	NA	k141_12432	135	920	+	aadA5	ANT(3'')-Ia family aminoglycoside nucleotidyltransferase AadA5	core	AMR	AMR	AMINOGLYCOSIDE	STREPTOMYCIN	EXACTX	262	262	100.00	100.00	262	WP_000503574.1	ANT(3'')-Ia family aminoglycoside nucleotidyltransferase AadA5	NA	NA
ERR7015396	NA	k141_127125	23	820	+	blaOXA-10	oxacillin-hydrolyzing class D beta-lactamase OXA-10	core	AMR	AMR	BETA-LACTAM	CEPHALOSPORIN	ALLELEX	266	266	100.00	100.00	266	WP_000846390.1	oxacillin-hydrolyzing class D beta-lactamase OXA-10	NA	NA
ERR7015396	NA	k141_127125	935	1375	+	aadA11	ANT(3'')-Ia family aminoglycoside nucleotidyltransferase AadA11	core	AMR	AMR	AMINOGLYCOSIDE	STREPTOMYCIN	INTERNAL_STOP	147	263	55.89	96.60	147	WP_032495379.1	ANT(3'')-Ia family aminoglycoside nucleotidyltransferase AadA11	NA	NA
ERR7015396	NA	k141_129092	1	462	+	vanX-O	D-Ala-D-Ala dipeptidase VanX-O	core	AMR	AMR	GLYCOPEPTIDE	VANCOMYCIN	PARTIAL_CONTIG_ENDX	154	202	76.24	93.51	154	WP_063856778.1	D-Ala-D-Ala dipeptidase VanX-O	NA	NA
ERR7015396	NA	k141_132931	3	1292	-	tet(W)	tetracycline resistance ribosomal protection protein Tet(W)	core	AMR	AMR	TETRACYCLINE	TETRACYCLINE	PARTIAL_CONTIG_ENDX	430	639	67.29	100.00	430	WP_002586627.1	tetracycline resistance ribosomal protection protein Tet(W)	NA	NA
ERR7015396	NA	k141_136568	2156	3340	+	tet(39)	tetracycline efflux MFS transporter Tet(39)	core	AMR	AMR	TETRACYCLINE	TETRACYCLINE	EXACTX	395	395	100.00	100.00	395	WP_004856455.1	tetracycline efflux MFS transporter Tet(39)	NA	NA
ERR7015396	NA	k141_137106	103	549	+	vanX-A	D-Ala-D-Ala dipeptidase VanX-A	core	AMR	AMR	GLYCOPEPTIDE	VANCOMYCIN	PARTIAL_CONTIG_ENDX	149	202	73.76	100.00	149	WP_000402347.1	D-Ala-D-Ala dipeptidase VanX-A	NA	NA
ERR7015396	NA	k141_141400	110	907	+	blaVIM	VIM family subclass B1 metallo-beta-lactamase	core	AMR	AMR	BETA-LACTAM	CARBAPENEM	BLASTX	266	266	100.00	99.62	266	WP_003108247.1	subclass B1 metallo-beta-lactamase VIM-2	NA	NA
ERR7015396	NA	k141_142198	203	1372	-	blaMCA	MCA family class C beta-lactamase	core	AMR	AMR	BETA-LACTAM	BETA-LACTAM	BLASTX	390	390	100.00	99.23	390	WP_057991970.1	MCA family class C beta-lactamase	NA	NA
ERR7015396	NA	k141_14620	50	871	+	blaOXA	OXA-211 family carbapenem-hydrolyzing class D beta-lactamase	core	AMR	AMR	BETA-LACTAM	BETA-LACTAM	BLASTX	274	274	100.00	97.45	274	WP_058870660.1	OXA-211 family carbapenem-hydrolyzing class D beta-lactamase OXA-651	NA	NA
ERR7015396	NA	k141_148620	132	629	+	blaLCR	LCR family class D beta-lactamase	core	AMR	AMR	BETA-LACTAM	BETA-LACTAM	PARTIAL_CONTIG_ENDX	166	260	63.85	100.00	166	WP_032488481.1	oxacillin-hydrolyzing class D beta-lactamase LCR-1	NA	NA
ERR7015396	NA	k141_152971	531	1328	-	erm(F)	23S rRNA (adenine(2058)-N(6))-methyltransferase Erm(F)	core	AMR	AMR	LINCOSAMIDE/MACROLIDE/STREPTOGRAMIN	CLINDAMYCIN/MACROLIDE/STREPTOGRAMIN	BLASTX	266	266	100.00	98.87	266	WP_002682030.1	23S rRNA (adenine(2058)-N(6))-methyltransferase Erm(F)	NA	NA
ERR7015396	NA	k141_152971	1588	2448	+	aadS	aminoglycoside 6-adenylyltransferase AadS	core	AMR	AMR	AMINOGLYCOSIDE	STREPTOMYCIN	EXACTX	287	287	100.00	100.00	287	WP_003013318.1	aminoglycoside 6-adenylyltransferase AadS	NA	NA
ERR7015396	NA	k141_163844	2	673	-	mef(En2)	macrolide efflux MFS transporter Mef(En2)	core	AMR	AMR	MACROLIDE	MACROLIDE	PARTIAL_CONTIG_ENDX	224	401	55.86	98.66	224	WP_063853729.1	macrolide efflux MFS transporter Mef(En2)	NA	NA
ERR7015396	NA	k141_163992	8	559	-	vanY-A	D-Ala-D-Ala carboxypeptidase VanY-A	core	AMR	AMR	GLYCOPEPTIDE	VANCOMYCIN	PARTIAL_CONTIG_ENDX	184	303	60.73	100.00	184	WP_001812592.1	D-Ala-D-Ala carboxypeptidase VanY-A	NA	NA
ERR7015396	NA	k141_167623	1	726	-	ere(D)	EreD family erythromycin esterase	core	AMR	AMR	MACROLIDE	AZITHROMYCIN/ERYTHROMYCIN	PARTIAL_CONTIG_ENDX	242	408	59.31	97.93	242	WP_015345560.1	EreD family erythromycin esterase	NA	NA
ERR7015396	NA	k141_170154	1	615	-	tet(G)	tetracycline efflux MFS transporter Tet(G)	core	AMR	AMR	TETRACYCLINE	TETRACYCLINE	PARTIAL_CONTIG_ENDX	205	391	52.43	94.63	205	WP_001257840.1	tetracycline efflux MFS transporter Tet(G)	NA	NA
ERR7015396	NA	k141_20219	5680	6561	-	mph(E)	Mph(E) family macrolide 2'-phosphotransferase	core	AMR	AMR	MACROLIDE	ERYTHROMYCIN	EXACTX	294	294	100.00	100.00	294	WP_000155092.1	Mph(E) family macrolide 2'-phosphotransferase	NA	NA
ERR7015396	NA	k141_20219	6620	8092	-	msr(E)	ABC-F type ribosomal protection protein Msr(E)	core	AMR	AMR	MACROLIDE/STREPTOGRAMIN	AZITHROMYCIN/ERYTHROMYCIN/STREPTOGRAMIN	EXACTX	491	491	100.00	100.00	491	WP_000052512.1	ABC-F type ribosomal protection protein Msr(E)	NA	NA
ERR7015396	NA	k141_29325	1	423	+	sul2	sulfonamide-resistant dihydropteroate synthase Sul2	core	AMR	AMR	SULFONAMIDE	SULFONAMIDE	PARTIAL_CONTIG_ENDX	141	271	52.03	100.00	141	WP_001043260.1	sulfonamide-resistant dihydropteroate synthase Sul2	NA	NA
ERR7015396	NA	k141_29587	13	867	+	floR	chloramphenicol/florfenicol efflux MFS transporter FloR	core	AMR	AMR	PHENICOL	CHLORAMPHENICOL/FLORFENICOL	PARTIALX	285	404	70.54	90.88	285	WP_014386424.1	chloramphenicol/florfenicol efflux MFS transporter FloR	NA	NA
ERR7015396	NA	k141_36094	3	512	-	blaNDM	NDM family subclass B1 metallo-beta-lactamase	core	AMR	AMR	BETA-LACTAM	CARBAPENEM	PARTIAL_CONTIG_ENDX	170	270	62.96	100.00	170	WP_004201164.1	subclass B1 metallo-beta-lactamase NDM-1	NA	NA
ERR7015396	NA	k141_36207	147	956	+	aadA11	ANT(3'')-Ia family aminoglycoside nucleotidyltransferase AadA11	core	AMR	AMR	AMINOGLYCOSIDE	STREPTOMYCIN	BLASTX	270	281	96.09	99.63	270	WP_048608579.1	ANT(3'')-Ia family aminoglycoside nucleotidyltransferase AadA11	NA	NA
ERR7015396	NA	k141_36207	1867	2655	+	aadA1	ANT(3'')-Ia family aminoglycoside nucleotidyltransferase AadA1	core	AMR	AMR	AMINOGLYCOSIDE	STREPTOMYCIN	EXACTX	263	263	100.00	100.00	263	WP_001206317.1	ANT(3'')-Ia family aminoglycoside nucleotidyltransferase AadA1	NA	NA
ERR7015396	NA	k141_36207	2775	3104	+	qacG2	quaternary ammonium compound efflux SMR transporter QacG2	core	STRESS	BIOCIDE	QUATERNARY AMMONIUM	QUATERNARY AMMONIUM	BLASTX	110	110	100.00	98.18	110	WP_003830719.1	quaternary ammonium compound efflux SMR transporter QacG2	NA	NA
ERR7015396	NA	k141_41848	641	1399	+	vanH-A	D-lactate dehydrogenase VanH-A	core	AMR	AMR	GLYCOPEPTIDE	VANCOMYCIN	PARTIAL_CONTIG_ENDX	253	322	78.57	100.00	253	WP_001059542.1	D-lactate dehydrogenase VanH-A	NA	NA
ERR7015396	NA	k141_56801	819	1553	+	erm(B)	23S rRNA (adenine(2058)-N(6))-methyltransferase Erm(B)	core	AMR	AMR	LINCOSAMIDE/MACROLIDE/STREPTOGRAMIN	CLINDAMYCIN/ERYTHROMYCIN/STREPTOGRAMIN B	EXACTX	245	245	100.00	100.00	245	WP_002321849.1	23S rRNA (adenine(2058)-N(6))-methyltransferase Erm(B)	NA	NA
ERR7015396	NA	k141_57238	738	1574	-	sul1	sulfonamide-resistant dihydropteroate synthase Sul1	core	AMR	AMR	SULFONAMIDE	SULFONAMIDE	EXACTX	279	279	100.00	100.00	279	WP_000259031.1	sulfonamide-resistant dihydropteroate synthase Sul1	NA	NA
ERR7015396	NA	k141_57238	1571	1915	-	qacEdelta1	quaternary ammonium compound efflux SMR transporter QacE delta 1	core	STRESS	BIOCIDE	QUATERNARY AMMONIUM	QUATERNARY AMMONIUM	ALLELEX	115	115	100.00	100.00	115	WP_000679427.1	quaternary ammonium compound efflux SMR transporter QacE delta 1	NA	NA
ERR7015396	NA	k141_57238	2082	2840	-	aadA2	ANT(3'')-Ia family aminoglycoside nucleotidyltransferase AadA2	core	AMR	AMR	AMINOGLYCOSIDE	STREPTOMYCIN	BLASTX	253	263	96.20	99.60	253	WP_001206356.1	ANT(3'')-Ia family aminoglycoside nucleotidyltransferase AadA2	NA	NA
ERR7015396	NA	k141_57954	1231	1593	-	ble	bleomycin binding protein Ble-MBL	core	AMR	AMR	BLEOMYCIN	BLEOMYCIN	EXACTX	121	121	100.00	100.00	121	WP_004201167.1	bleomycin binding protein Ble-MBL	NA	NA
ERR7015396	NA	k141_58937	4008	4808	+	aph(3'')-Ib	aminoglycoside O-phosphotransferase APH(3'')-Ib	core	AMR	AMR	AMINOGLYCOSIDE	STREPTOMYCIN	EXACTX	267	267	100.00	100.00	267	WP_001082319.1	aminoglycoside O-phosphotransferase APH(3'')-Ib	NA	NA
ERR7015396	NA	k141_58937	4811	5644	+	aph(6)-Id	aminoglycoside O-phosphotransferase APH(6)-Id	core	AMR	AMR	AMINOGLYCOSIDE	STREPTOMYCIN	EXACTX	278	278	100.00	100.00	278	WP_000480968.1	aminoglycoside O-phosphotransferase APH(6)-Id	NA	NA
ERR7015396	NA	k141_60288	179	2101	-	tet(Q)	tetracycline resistance ribosomal protection protein Tet(Q)	core	AMR	AMR	TETRACYCLINE	TETRACYCLINE	BLASTX	641	641	100.00	99.06	641	WP_063856407.1	tetracycline resistance ribosomal protection protein Tet(Q)	NA	NA
ERR7015396	NA	k141_67383	570	1361	-	aph(3')-IIIa	aminoglycoside O-phosphotransferase APH(3')-IIIa	core	AMR	AMR	AMINOGLYCOSIDE	AMIKACIN/KANAMYCIN	EXACTX	264	264	100.00	100.00	264	WP_001096887.1	aminoglycoside O-phosphotransferase APH(3')-IIIa	NA	NA
ERR7015396	NA	k141_77337	162	599	+	aac(6')-30	aminoglycoside 6'-N-acetyltransferase AAC(6')-30	core	AMR	AMR	AMINOGLYCOSIDE	AMINOGLYCOSIDE	BLASTX	146	146	100.00	93.15	146	WP_051645529.1	aminoglycoside 6'-N-acetyltransferase AAC(6')-30	NA	NA
ERR7015396	NA	k141_77353	1	711	-	aadA7	ANT(3'')-Ia family aminoglycoside nucleotidyltransferase AadA7	core	AMR	AMR	AMINOGLYCOSIDE	STREPTOMYCIN	PARTIAL_CONTIG_ENDX	237	265	89.43	100.00	237	WP_010794258.1	ANT(3'')-Ia family aminoglycoside nucleotidyltransferase AadA7	NA	NA
ERR7015396	NA	k141_77918	79	735	-	mef(A)	macrolide efflux MFS transporter Mef(A)	core	AMR	AMR	MACROLIDE	AZITHROMYCIN/ERYTHROMYCIN	PARTIALX	219	408	53.68	93.15	219	WP_012102963.1	macrolide efflux MFS transporter Mef(A)	NA	NA
ERR7015396	NA	k141_81197	124	675	+	aac(6')-IIa	aminoglycoside N-acetyltransferase AAC(6')-IIa	core	AMR	AMR	AMINOGLYCOSIDE	GENTAMICIN/KANAMYCIN/TOBRAMYCIN	EXACTX	184	184	100.00	100.00	184	WP_023622803.1	aminoglycoside N-acetyltransferase AAC(6')-IIa	NA	NA
ERR7015396	NA	k141_81197	798	2015	+	ere(A)	EreA family erythromycin esterase	core	AMR	AMR	MACROLIDE	ERYTHROMYCIN	EXACTX	406	406	100.00	100.00	406	WP_032084014.1	EreA family erythromycin esterase	NA	NA
ERR7015396	NA	k141_83701	138	461	+	aac(6')-I	AAC(6')-Ighjkrstuvwx family aminoglycoside N-acetyltransferase	core	AMR	AMR	AMINOGLYCOSIDE	AMIKACIN/KANAMYCIN/TOBRAMYCIN	PARTIAL_CONTIG_ENDX	108	145	74.48	100.00	108	WP_008940904.1	AAC(6')-Ighjkrstuvwx family aminoglycoside N-acetyltransferase	NA	NA
ERR7015396	NA	k141_853	321	1118	+	blaOXA	OXA-46 family oxacillin-hydrolyzing class D beta-lactamase	core	AMR	AMR	BETA-LACTAM	BETA-LACTAM	BLASTX	266	266	100.00	92.86	266	WP_032490445.1	OXA-46 family oxacillin-hydrolyzing class D beta-lactamase OXA-119	NA	NA
ERR7015396	NA	k141_85944	3	548	+	aadA27	ANT(3'')-II family aminoglycoside nucleotidyltransferase AadA27	core	AMR	AMR	AMINOGLYCOSIDE	SPECTINOMYCIN/STREPTOMYCIN	PARTIAL_CONTIG_ENDX	182	262	69.47	97.80	182	WP_050041693.1	ANT(3'')-II family aminoglycoside nucleotidyltransferase AadA27	NA	NA
ERR7015396	NA	k141_86214	2	349	+	lnu(AN2)	lincosamide nucleotidyltransferase Lnu(AN2)	core	AMR	AMR	LINCOSAMIDE	LINCOSAMIDE	PARTIAL_CONTIG_ENDX	116	170	68.24	100.00	116	WP_004308783.1	lincosamide nucleotidyltransferase Lnu(AN2)	NA	NA
ERR7015396	NA	k141_88352	203	754	-	aac(6')-Ib4	aminoglycoside N-acetyltransferase AAC(6')-Ib4	core	AMR	AMR	AMINOGLYCOSIDE	GENTAMICIN	ALLELEX	184	184	100.00	100.00	184	WP_003159191.1	aminoglycoside N-acetyltransferase AAC(6')-Ib4	NA	NA
ERR7015396	NA	k141_90452	289	1458	+	blaMCA	MCA family class C beta-lactamase	core	AMR	AMR	BETA-LACTAM	BETA-LACTAM	BLASTX	390	390	100.00	92.31	390	WP_057991970.1	MCA family class C beta-lactamase	NA	NA
ERR7015396	NA	k141_96772	1185	2090	+	ant(6)-Ia	aminoglycoside nucleotidyltransferase ANT(6)-Ia	core	AMR	AMR	AMINOGLYCOSIDE	STREPTOMYCIN	EXACTX	302	302	100.00	100.00	302	WP_001255866.1	aminoglycoside nucleotidyltransferase ANT(6)-Ia	NA	NA
ERR7015397	NA	k141_1599	70	1272	-	mef(En2)	macrolide efflux MFS transporter Mef(En2)	core	AMR	AMR	MACROLIDE	MACROLIDE	BLASTX	401	401	100.00	99.50	401	WP_063853729.1	macrolide efflux MFS transporter Mef(En2)	NA	NA	2026-05-15.1	4.2.7
ERR7015397	NA	k141_16582	1	483	-	aadA27	ANT(3'')-II family aminoglycoside nucleotidyltransferase AadA27	core	AMR	AMR	AMINOGLYCOSIDE	SPECTINOMYCIN/STREPTOMYCIN	PARTIAL_CONTIG_ENDX	161	262	61.45	100.00	161	WP_050041693.1	ANT(3'')-II family aminoglycoside nucleotidyltransferase AadA27	NA	NA	2026-05-15.1	4.2.7
ERR7015397	NA	k141_17377	1	702	+	mef(A)	macrolide efflux MFS transporter Mef(A)	core	AMR	AMR	MACROLIDE	AZITHROMYCIN/ERYTHROMYCIN	PARTIAL_CONTIG_ENDX	234	408	57.35	95.73	234	WP_012102963.1	macrolide efflux MFS transporter Mef(A)	NA	NA	2026-05-15.1	4.2.7
ERR7015397	NA	k141_19552	6067	7026	+	cfxA6	broad-spectrum class A beta-lactamase CfxA6	core	AMR	AMR	BETA-LACTAM	BETA-LACTAM	BLASTX	320	320	100.00	99.38	320	WP_117664257.1	broad-spectrum class A beta-lactamase CfxA6	NA	NA	2026-05-15.1	4.2.7
ERR7015397	NA	k141_19614	753	1283	-	ant(2'')-Ia	aminoglycoside nucleotidyltransferase ANT(2'')-Ia	core	AMR	AMR	AMINOGLYCOSIDE	GENTAMICIN/KANAMYCIN/TOBRAMYCIN	BLASTX	177	177	100.00	99.44	177	WP_000381802.1	aminoglycoside nucleotidyltransferase ANT(2'')-Ia	NA	NA	2026-05-15.1	4.2.7
ERR7015397	NA	k141_19908	229	720	-	dfrF	trimethoprim-resistant dihydrofolate reductase DfrF	core	AMR	AMR	TRIMETHOPRIM	TRIMETHOPRIM	EXACTX	164	164	100.00	100.00	164	WP_002322211.1	trimethoprim-resistant dihydrofolate reductase DfrF	NA	NA	2026-05-15.1	4.2.7
ERR7015397	NA	k141_21867	1234	3150	+	tet(W)	tetracycline resistance ribosomal protection protein Tet(W)	core	AMR	AMR	TETRACYCLINE	TETRACYCLINE	BLASTX	639	639	100.00	99.84	639	WP_002586627.1	tetracycline resistance ribosomal protection protein Tet(W)	NA	NA	2026-05-15.1	4.2.7
ERR7015397	NA	k141_24939	3	431	+	blaOXA	OXA-211 family carbapenem-hydrolyzing class D beta-lactamase	core	AMR	AMR	BETA-LACTAM	BETA-LACTAM	PARTIAL_CONTIG_ENDX	143	274	52.19	96.50	143	WP_063862593.1	OXA-211 family carbapenem-hydrolyzing class D beta-lactamase OXA-309	NA	NA	2026-05-15.1	4.2.7
ERR7015397	NA	k141_28107	1226	2410	+	tet(39)	tetracycline efflux MFS transporter Tet(39)	core	AMR	AMR	TETRACYCLINE	TETRACYCLINE	EXACTX	395	395	100.00	100.00	395	WP_004856455.1	tetracycline efflux MFS transporter Tet(39)	NA	NA	2026-05-15.1	4.2.7
ERR7015397	NA	k141_33257	2	886	-	mef(A)	macrolide efflux MFS transporter Mef(A)	core	AMR	AMR	MACROLIDE	AZITHROMYCIN/ERYTHROMYCIN	PARTIAL_CONTIG_ENDX	295	405	72.84	99.66	295	WP_024127829.1	macrolide efflux MFS transporter Mef(A)	NA	NA	2026-05-15.1	4.2.7
ERR7015397	NA	k141_34657	276	1073	-	erm(F)	23S rRNA (adenine(2058)-N(6))-methyltransferase Erm(F)	core	AMR	AMR	LINCOSAMIDE/MACROLIDE/STREPTOGRAMIN	CLINDAMYCIN/MACROLIDE/STREPTOGRAMIN	EXACTX	266	266	100.00	100.00	266	WP_002682030.1	23S rRNA (adenine(2058)-N(6))-methyltransferase Erm(F)	NA	NA	2026-05-15.1	4.2.7
ERR7015397	NA	k141_38580	2	1507	-	tet(M)	tetracycline resistance ribosomal protection protein Tet(M)	core	AMR	AMR	TETRACYCLINE	TETRACYCLINE	PARTIAL_CONTIG_ENDX	502	639	78.56	99.00	502	WP_000691743.1	tetracycline resistance ribosomal protection protein Tet(M)	NA	NA	2026-05-15.1	4.2.7
ERR7015397	NA	k141_38690	163	804	-	aph(6)-Id	aminoglycoside O-phosphotransferase APH(6)-Id	core	AMR	AMR	AMINOGLYCOSIDE	STREPTOMYCIN	PARTIAL_CONTIG_ENDX	214	278	76.98	100.00	214	WP_000480968.1	aminoglycoside O-phosphotransferase APH(6)-Id	NA	NA	2026-05-15.1	4.2.7
ERR7015397	NA	k141_40556	108	572	+	blaGES	GES family class A beta-lactamase	core	AMR	AMR	BETA-LACTAM	CEPHALOSPORIN	PARTIALX	155	287	54.01	100.00	155	WP_001211000.1	extended-spectrum class A beta-lactamase GES-11	NA	NA	2026-05-15.1	4.2.7
ERR7015397	NA	k141_40825	8278	8988	-	cfxA3	extended-spectrum class A beta-lactamase CfxA3	core	AMR	AMR	BETA-LACTAM	CEPHALOSPORIN	PARTIAL_CONTIG_ENDX	237	321	73.83	100.00	237	WP_004348227.1	extended-spectrum class A beta-lactamase CfxA3	NA	NA	2026-05-15.1	4.2.7
ERR7015397	NA	k141_48423	3	542	-	blaLCR	LCR family class D beta-lactamase	core	AMR	AMR	BETA-LACTAM	BETA-LACTAM	PARTIAL_CONTIG_ENDX	180	260	69.23	100.00	180	WP_032488481.1	oxacillin-hydrolyzing class D beta-lactamase LCR-1	NA	NA	2026-05-15.1	4.2.7
ERR7015397	NA	k141_48512	2296	3132	-	sul1	sulfonamide-resistant dihydropteroate synthase Sul1	core	AMR	AMR	SULFONAMIDE	SULFONAMIDE	EXACTX	279	279	100.00	100.00	279	WP_000259031.1	sulfonamide-resistant dihydropteroate synthase Sul1	NA	NA	2026-05-15.1	4.2.7
ERR7015397	NA	k141_48512	3129	3473	-	qacEdelta1	quaternary ammonium compound efflux SMR transporter QacE delta 1	core	STRESS	BIOCIDE	QUATERNARY AMMONIUM	QUATERNARY AMMONIUM	ALLELEX	115	115	100.00	100.00	115	WP_000679427.1	quaternary ammonium compound efflux SMR transporter QacE delta 1	NA	NA	2026-05-15.1	4.2.7
ERR7015397	NA	k141_48512	3633	4184	-	aac(6')-IIa	aminoglycoside N-acetyltransferase AAC(6')-IIa	core	AMR	AMR	AMINOGLYCOSIDE	GENTAMICIN/KANAMYCIN/TOBRAMYCIN	EXACTX	184	184	100.00	100.00	184	WP_023622803.1	aminoglycoside N-acetyltransferase AAC(6')-IIa	NA	NA	2026-05-15.1	4.2.7
ERR7015397	NA	k141_48512	4344	5141	-	blaOXA	OXA-2 family class D beta-lactamase	core	AMR	AMR	BETA-LACTAM	BETA-LACTAM	BLASTX	266	275	96.73	96.99	266	WP_001007673.1	oxacillin-hydrolyzing class D beta-lactamase OXA-2	NA	NA	2026-05-15.1	4.2.7
ERR7015397	NA	k141_49647	138	935	+	blaOXA-10	oxacillin-hydrolyzing class D beta-lactamase OXA-10	core	AMR	AMR	BETA-LACTAM	CEPHALOSPORIN	ALLELEX	266	266	100.00	100.00	266	WP_000846390.1	oxacillin-hydrolyzing class D beta-lactamase OXA-10	NA	NA	2026-05-15.1	4.2.7
ERR7015397	NA	k141_56611	885	1280	+	aadA2	ANT(3'')-Ia family aminoglycoside nucleotidyltransferase AadA2	core	AMR	AMR	AMINOGLYCOSIDE	STREPTOMYCIN	PARTIAL_CONTIG_ENDX	132	263	50.19	100.00	132	WP_048207712.1	ANT(3'')-Ia family aminoglycoside nucleotidyltransferase AadA2	NA	NA	2026-05-15.1	4.2.7
ERR7015397	NA	k141_62367	2	661	-	aph(3'')-Ib	aminoglycoside O-phosphotransferase APH(3'')-Ib	core	AMR	AMR	AMINOGLYCOSIDE	STREPTOMYCIN	PARTIAL_CONTIG_ENDX	220	267	82.40	100.00	220	WP_001082319.1	aminoglycoside O-phosphotransferase APH(3'')-Ib	NA	NA	2026-05-15.1	4.2.7
ERR7015397	NA	k141_62430	105	893	+	aadA1	ANT(3'')-Ia family aminoglycoside nucleotidyltransferase AadA1	core	AMR	AMR	AMINOGLYCOSIDE	STREPTOMYCIN	BLASTX	263	263	100.00	99.62	263	WP_001206316.1	ANT(3'')-Ia family aminoglycoside nucleotidyltransferase AadA1	NA	NA	2026-05-15.1	4.2.7
ERR7015397	NA	k141_62430	1013	1309	+	qacG2	quaternary ammonium compound efflux SMR transporter QacG2	core	STRESS	BIOCIDE	QUATERNARY AMMONIUM	QUATERNARY AMMONIUM	BLASTX	99	110	90.00	97.98	99	WP_003830719.1	quaternary ammonium compound efflux SMR transporter QacG2	NA	NA	2026-05-15.1	4.2.7
ERR7015397	NA	k141_64677	81	509	-	ant(3'')-IIc	aminoglycoside nucleotidyltransferase ANT(3'')-IIc	core	AMR	AMR	AMINOGLYCOSIDE	SPECTINOMYCIN/STREPTOMYCIN	PARTIALX	143	259	55.21	92.31	143	WP_004680079.1	aminoglycoside nucleotidyltransferase ANT(3'')-IIc	NA	NA	2026-05-15.1	4.2.7
ERR7015397	NA	k141_69838	112	585	+	vanX-O	D-Ala-D-Ala dipeptidase VanX-O	core	AMR	AMR	GLYCOPEPTIDE	VANCOMYCIN	PARTIAL_CONTIG_ENDX	158	202	78.22	94.30	158	WP_063856778.1	D-Ala-D-Ala dipeptidase VanX-O	NA	NA	2026-05-15.1	4.2.7
ERR7015397	NA	k141_70147	1	387	+	lnu(AN2)	lincosamide nucleotidyltransferase Lnu(AN2)	core	AMR	AMR	LINCOSAMIDE	LINCOSAMIDE	PARTIAL_CONTIG_ENDX	129	170	75.88	100.00	129	WP_004308783.1	lincosamide nucleotidyltransferase Lnu(AN2)	NA	NA	2026-05-15.1	4.2.7
ERR7015397	NA	k141_72716	1148	2620	+	msr(E)	ABC-F type ribosomal protection protein Msr(E)	core	AMR	AMR	MACROLIDE/STREPTOGRAMIN	AZITHROMYCIN/ERYTHROMYCIN/STREPTOGRAMIN	EXACTX	491	491	100.00	100.00	491	WP_000052512.1	ABC-F type ribosomal protection protein Msr(E)	NA	NA	2026-05-15.1	4.2.7
ERR7015397	NA	k141_72716	2679	3560	+	mph(E)	Mph(E) family macrolide 2'-phosphotransferase	core	AMR	AMR	MACROLIDE	ERYTHROMYCIN	EXACTX	294	294	100.00	100.00	294	WP_000155092.1	Mph(E) family macrolide 2'-phosphotransferase	NA	NA	2026-05-15.1	4.2.7
ERR7015397	NA	k141_72716	4553	5722	-	blaMCA	MCA family class C beta-lactamase	core	AMR	AMR	BETA-LACTAM	BETA-LACTAM	BLASTX	390	390	100.00	92.56	390	WP_057991970.1	MCA family class C beta-lactamase	NA	NA	2026-05-15.1	4.2.7
ERR7015397	NA	k141_74075	79	408	-	qacF	quaternary ammonium compound efflux SMR transporter QacF	core	STRESS	BIOCIDE	QUATERNARY AMMONIUM	QUATERNARY AMMONIUM	EXACTX	110	110	100.00	100.00	110	WP_043876060.1	quaternary ammonium compound efflux SMR transporter QacF	NA	NA	2026-05-15.1	4.2.7
ERR7015397	NA	k141_75702	258	719	+	aadE	aminoglycoside 6-adenylyltransferase AadE	core	AMR	AMR	AMINOGLYCOSIDE	STREPTOMYCIN	PARTIAL_CONTIG_ENDX	154	288	53.47	100.00	154	WP_001255868.1	aminoglycoside 6-adenylyltransferase AadE	NA	NA	2026-05-15.1	4.2.7
ERR7015397	NA	k141_79914	654	2576	+	tet(Q)	tetracycline resistance ribosomal protection protein Tet(Q)	core	AMR	AMR	TETRACYCLINE	TETRACYCLINE	BLASTX	641	641	100.00	99.53	641	WP_063856407.1	tetracycline resistance ribosomal protection protein Tet(Q)	NA	NA	2026-05-15.1	4.2.7
ERR7015397	NA	k141_82559	2	676	+	blaOXA	OXA-58 family carbapenem-hydrolyzing class D beta-lactamase	core	AMR	AMR	BETA-LACTAM	CARBAPENEM	PARTIAL_CONTIG_ENDX	225	280	80.36	99.56	225	WP_002002480.1	carbapenem-hydrolyzing class D beta-lactamase OXA-58	NA	NA	2026-05-15.1	4.2.7
ERR7015397	NA	k141_83915	211	540	-	qacL	quaternary ammonium compound efflux SMR transporter QacL	core	STRESS	BIOCIDE	QUATERNARY AMMONIUM	QUATERNARY AMMONIUM	EXACTX	110	110	100.00	100.00	110	WP_015059047.1	quaternary ammonium compound efflux SMR transporter QacL	NA	NA	2026-05-15.1	4.2.7
ERR7015397	NA	k141_88194	1864	2598	-	erm(B)	23S rRNA (adenine(2058)-N(6))-methyltransferase Erm(B)	core	AMR	AMR	LINCOSAMIDE/MACROLIDE/STREPTOGRAMIN	CLINDAMYCIN/ERYTHROMYCIN/STREPTOGRAMIN B	EXACTX	245	245	100.00	100.00	245	WP_001038790.1	23S rRNA (adenine(2058)-N(6))-methyltransferase Erm(B)	NA	NA	2026-05-15.1	4.2.7
ERR7015397	NA	k141_88517	238	789	+	aac(6')-Ib4	aminoglycoside N-acetyltransferase AAC(6')-Ib4	core	AMR	AMR	AMINOGLYCOSIDE	GENTAMICIN	ALLELEX	184	184	100.00	100.00	184	WP_003159191.1	aminoglycoside N-acetyltransferase AAC(6')-Ib4	NA	NA	2026-05-15.1	4.2.7
ERR7015397	NA	k141_88517	924	1538	+	ere(A)	EreA family erythromycin esterase	core	AMR	AMR	MACROLIDE	ERYTHROMYCIN	PARTIAL_CONTIG_ENDX	205	408	50.25	98.05	205	WP_021566672.1	EreA family erythromycin esterase	NA	NA	2026-05-15.1	4.2.7
ERR7015397	NA	k141_88538	2	1186	-	msr(D)	ABC-F type ribosomal protection protein Msr(D)	core	AMR	AMR	MACROLIDE/STREPTOGRAMIN	AZITHROMYCIN/ERYTHROMYCIN/STREPTOGRAMIN B	PARTIAL_CONTIG_ENDX	395	487	81.11	97.22	395	WP_000420313.1	ABC-F type ribosomal protection protein Msr(D)	NA	NA	2026-05-15.1	4.2.7
ERR7015397	NA	k141_91053	108	821	-	aadA1	ANT(3'')-Ia family aminoglycoside nucleotidyltransferase AadA1	core	AMR	AMR	AMINOGLYCOSIDE	STREPTOMYCIN	BLASTX	238	263	90.49	94.96	238	WP_071846272.1	ANT(3'')-Ia family aminoglycoside nucleotidyltransferase AadA1	NA	NA	2026-05-15.1	4.2.7
ERR7015397	NA	k141_91332	41	901	-	aadS	aminoglycoside 6-adenylyltransferase AadS	core	AMR	AMR	AMINOGLYCOSIDE	STREPTOMYCIN	EXACTX	287	287	100.00	100.00	287	WP_003013318.1	aminoglycoside 6-adenylyltransferase AadS	NA	NA	2026-05-15.1	4.2.7
